papel,Cotação,P/L,P/VP,PSR,Div.Yield,P/Ativo,P/Cap.Giro,P/EBIT,P/Ativ Circ.Liq,EV/EBIT,EV/EBITDA,Mrg Bruta,Mrg Ebit,Mrg. Líq.,Liq. Corr.,ROIC,ROE,Liq.2meses,Patrim. Líq,Dív.Líq/ Patrim.,Cresc. Rec.5a,Earnings Yield,Valor,Quantidade,Estratégia,Ativos na Carteira,Volume Mínimo,Data,Ranking_EY,Ranking_ROIC,Magic Formula
OBTC3,7.4,-1.94,2.12,-2812.13,0.0,1.719,-13.37,-96.3,-13.35,-103.34,-102.82,"-15,84%",29.202600000000004,1446.37,0.32,-1.9,-1.092,8490210.0,1019920000.0,0.16,0.0,-1.0,1929009.8,260677.0,Earnings Yield,5,400000,2026-09-29,,,
IRBR3,60.98,-33.93,0.94,1.119,0.0259,0.33,0.0,40.9,0.0,0.0,0.0,"1,14%",0.0274,-0.033,0.0,0.0,-0.0276,45519300.0,5328370000.0,0.00,-0.3448,inf,2326447.98,38151.0,Earnings Yield,5,400000,2026-09-29,,,
PSSA3,47.0,8.25,1.88,0.713,0.0638,0.516,3.78,0.86,-4.64,0.45,0.45,"100,00%",0.8262999999999999,0.0872,1.29,79.3,0.2284,82919800.0,16126400000.0,-0.90,0.1434,222.2,1897578.0,40374.0,Earnings Yield,5,400000,2026-09-29,,,
PLPL3,6.68,4.46,1.22,0.384,0.0738,0.315,0.54,1.72,2.06,1.92,1.86,"28,56%",0.22399999999999998,0.0989,3.01,24.3,0.2732,15173600.0,1117620000.0,0.15,0.2865,52.1,2666402.1599999997,399162.0,Earnings Yield,5,400000,2026-09-29,,,
DOTZ3,10.4,4.83,-0.64,0.375,0.0,0.317,2.88,1.34,-0.42,1.94,1.54,"63,62%",0.2808,0.07769999999999999,1.18,28.5,-0.132,878315.0,-217317000.0,-0.29,0.26940000000000003,51.5,2532639.2,243523.0,Earnings Yield,5,400000,2026-09-29,,,
OBTC3,7.4,-1.94,2.12,-2812.13,0.0,1.719,-13.37,-96.3,-13.35,-103.34,-102.82,"-15,84%",29.202600000000004,1446.37,0.32,-1.9,-1.092,8490210.0,1019920000.0,0.16,0.0,-1.0,1919160.4000000001,259346.0,Earnings Yield,5,1000000,2026-09-29,,,
IRBR3,60.98,-33.93,0.94,1.119,0.0259,0.33,0.0,40.9,0.0,0.0,0.0,"1,14%",0.0274,-0.033,0.0,0.0,-0.0276,45519300.0,5328370000.0,0.00,-0.3448,inf,2341022.1999999997,38390.0,Earnings Yield,5,1000000,2026-09-29,,,
PSSA3,47.0,8.25,1.88,0.713,0.0638,0.516,3.78,0.86,-4.64,0.45,0.45,"100,00%",0.8262999999999999,0.0872,1.29,79.3,0.2284,82919800.0,16126400000.0,-0.90,0.1434,222.2,1916284.0,40772.0,Earnings Yield,5,1000000,2026-09-29,,,
PLPL3,6.68,4.46,1.22,0.384,0.0738,0.315,0.54,1.72,2.06,1.92,1.86,"28,56%",0.22399999999999998,0.0989,3.01,24.3,0.2732,15173600.0,1117620000.0,0.15,0.2865,52.1,1826365.44,273408.0,Earnings Yield,5,1000000,2026-09-29,,,
WIZC3,7.74,6.24,1.67,0.971,0.0812,0.514,20.86,2.0,-2.85,1.97,1.68,"60,14%",0.4861,0.27190000000000003,1.1,32.8,0.26780000000000004,2540930.0,740937000.0,-0.02,0.1226,50.8,2098708.74,271151.0,Earnings Yield,5,1000000,2026-09-29,,,
OBTC3,7.4,-1.94,2.12,-2812.13,0.0,1.719,-13.37,-96.3,-13.35,-103.34,-102.82,"-15,84%",29.202600000000004,1446.37,0.32,-1.9,-1.092,8490210.0,1019920000.0,0.16,0.0,-1.0,818321.6000000001,110584.0,Earnings Yield,10,400000,2026-09-29,,,
IRBR3,60.98,-33.93,0.94,1.119,0.0259,0.33,0.0,40.9,0.0,0.0,0.0,"1,14%",0.0274,-0.033,0.0,0.0,-0.0276,45519300.0,5328370000.0,0.00,-0.3448,inf,961593.62,15769.0,Earnings Yield,10,400000,2026-09-29,,,
PSSA3,47.0,8.25,1.88,0.713,0.0638,0.516,3.78,0.86,-4.64,0.45,0.45,"100,00%",0.8262999999999999,0.0872,1.29,79.3,0.2284,82919800.0,16126400000.0,-0.90,0.1434,222.2,793783.0,16889.0,Earnings Yield,10,400000,2026-09-29,,,
PLPL3,6.68,4.46,1.22,0.384,0.0738,0.315,0.54,1.72,2.06,1.92,1.86,"28,56%",0.22399999999999998,0.0989,3.01,24.3,0.2732,15173600.0,1117620000.0,0.15,0.2865,52.1,661246.52,98989.0,Earnings Yield,10,400000,2026-09-29,,,
DOTZ3,10.4,4.83,-0.64,0.375,0.0,0.317,2.88,1.34,-0.42,1.94,1.54,"63,62%",0.2808,0.07769999999999999,1.18,28.5,-0.132,878315.0,-217317000.0,-0.29,0.26940000000000003,51.5,952192.8,91557.0,Earnings Yield,10,400000,2026-09-29,,,
WIZC3,7.74,6.24,1.67,0.971,0.0812,0.514,20.86,2.0,-2.85,1.97,1.68,"60,14%",0.4861,0.27190000000000003,1.1,32.8,0.26780000000000004,2540930.0,740937000.0,-0.02,0.1226,50.8,810432.18,104707.0,Earnings Yield,10,400000,2026-09-29,,,
QUAL3,1.58,17.2,0.34,0.332,0.005699999999999999,0.131,-0.8,0.75,-0.34,2.09,1.47,"87,86%",0.44020000000000004,0.0256,0.58,22.6,0.0196,5234790.0,1334000000.0,0.60,-0.0987,47.8,800118.3200000001,506404.0,Earnings Yield,10,400000,2026-09-29,,,
LREN3,11.16,7.52,1.08,0.704,0.0825,0.588,2.43,3.06,4.43,2.74,2.03,"61,99%",0.2302,0.0935,1.69,23.5,0.1441,221303000.0,10367800000.0,-0.11,0.061799999999999994,36.5,907665.12,81332.0,Earnings Yield,10,400000,2026-09-29,,,
BHIA3,1.04,-0.08,-0.13,0.035,0.0,0.041,-0.13,0.46,-0.05,2.97,2.03,"31,19%",0.07690000000000001,-0.44420000000000004,0.64,14.8,1.5969,8382220.0,-8270000000.0,-0.69,-0.013500000000000002,33.7,2056381.6,1977290.0,Earnings Yield,10,400000,2026-09-29,,,
ALLD3,4.93,1.3,0.3,0.086,0.4645,0.133,0.45,2.8,0.73,3.02,2.4,"11,99%",0.0305,0.06559999999999999,1.66,9.3,0.2306,2263040.0,1574190000.0,0.02,-0.0069,33.1,1211739.77,245789.0,Earnings Yield,10,400000,2026-09-29,,,
OBTC3,7.4,-1.94,2.12,-2812.13,0.0,1.719,-13.37,-96.3,-13.35,-103.34,-102.82,"-15,84%",29.202600000000004,1446.37,0.32,-1.9,-1.092,8490210.0,1019920000.0,0.16,0.0,-1.0,800213.8,108137.0,Earnings Yield,10,1000000,2026-09-29,,,
IRBR3,60.98,-33.93,0.94,1.119,0.0259,0.33,0.0,40.9,0.0,0.0,0.0,"1,14%",0.0274,-0.033,0.0,0.0,-0.0276,45519300.0,5328370000.0,0.00,-0.3448,inf,936347.8999999999,15355.0,Earnings Yield,10,1000000,2026-09-29,,,
PSSA3,47.0,8.25,1.88,0.713,0.0638,0.516,3.78,0.86,-4.64,0.45,0.45,"100,00%",0.8262999999999999,0.0872,1.29,79.3,0.2284,82919800.0,16126400000.0,-0.90,0.1434,222.2,773291.0,16453.0,Earnings Yield,10,1000000,2026-09-29,,,
PLPL3,6.68,4.46,1.22,0.384,0.0738,0.315,0.54,1.72,2.06,1.92,1.86,"28,56%",0.22399999999999998,0.0989,3.01,24.3,0.2732,15173600.0,1117620000.0,0.15,0.2865,52.1,641867.84,96088.0,Earnings Yield,10,1000000,2026-09-29,,,
WIZC3,7.74,6.24,1.67,0.971,0.0812,0.514,20.86,2.0,-2.85,1.97,1.68,"60,14%",0.4861,0.27190000000000003,1.1,32.8,0.26780000000000004,2540930.0,740937000.0,-0.02,0.1226,50.8,790153.38,102087.0,Earnings Yield,10,1000000,2026-09-29,,,
QUAL3,1.58,17.2,0.34,0.332,0.005699999999999999,0.131,-0.8,0.75,-0.34,2.09,1.47,"87,86%",0.44020000000000004,0.0256,0.58,22.6,0.0196,5234790.0,1334000000.0,0.60,-0.0987,47.8,780426.78,493941.0,Earnings Yield,10,1000000,2026-09-29,,,
LREN3,11.16,7.52,1.08,0.704,0.0825,0.588,2.43,3.06,4.43,2.74,2.03,"61,99%",0.2302,0.0935,1.69,23.5,0.1441,221303000.0,10367800000.0,-0.11,0.061799999999999994,36.5,696149.64,62379.0,Earnings Yield,10,1000000,2026-09-29,,,
BHIA3,1.04,-0.08,-0.13,0.035,0.0,0.041,-0.13,0.46,-0.05,2.97,2.03,"31,19%",0.07690000000000001,-0.44420000000000004,0.64,14.8,1.5969,8382220.0,-8270000000.0,-0.69,-0.013500000000000002,33.7,1951191.84,1876146.0,Earnings Yield,10,1000000,2026-09-29,,,
ALLD3,4.93,1.3,0.3,0.086,0.4645,0.133,0.45,2.8,0.73,3.02,2.4,"11,99%",0.0305,0.06559999999999999,1.66,9.3,0.2306,2263040.0,1574190000.0,0.02,-0.0069,33.1,1040698.35,211095.0,Earnings Yield,10,1000000,2026-09-29,,,
PCAR3,2.91,-0.67,3.5,0.078,0.0,0.092,-0.35,0.86,-0.13,3.06,1.84,"28,97%",0.0911,-0.11599999999999999,0.52,12.9,-5.2029,14583500.0,409000000.0,8.95,-0.0766,32.7,933324.3,320730.0,Earnings Yield,10,1000000,2026-09-29,,,
OBTC3,7.4,-1.94,2.12,-2812.13,0.0,1.719,-13.37,-96.3,-13.35,-103.34,-102.82,"-15,84%",29.202600000000004,1446.37,0.32,-1.9,-1.092,8490210.0,1019920000.0,0.16,0.0,-1.0,623398.2000000001,84243.0,Earnings Yield,20,400000,2026-09-29,,,
IRBR3,60.98,-33.93,0.94,1.119,0.0259,0.33,0.0,40.9,0.0,0.0,0.0,"1,14%",0.0274,-0.033,0.0,0.0,-0.0276,45519300.0,5328370000.0,0.00,-0.3448,inf,410151.48,6726.0,Earnings Yield,20,400000,2026-09-29,,,
PSSA3,47.0,8.25,1.88,0.713,0.0638,0.516,3.78,0.86,-4.64,0.45,0.45,"100,00%",0.8262999999999999,0.0872,1.29,79.3,0.2284,82919800.0,16126400000.0,-0.90,0.1434,222.2,335345.0,7135.0,Earnings Yield,20,400000,2026-09-29,,,
PLPL3,6.68,4.46,1.22,0.384,0.0738,0.315,0.54,1.72,2.06,1.92,1.86,"28,56%",0.22399999999999998,0.0989,3.01,24.3,0.2732,15173600.0,1117620000.0,0.15,0.2865,52.1,276772.44,41433.0,Earnings Yield,20,400000,2026-09-29,,,
DOTZ3,10.4,4.83,-0.64,0.375,0.0,0.317,2.88,1.34,-0.42,1.94,1.54,"63,62%",0.2808,0.07769999999999999,1.18,28.5,-0.132,878315.0,-217317000.0,-0.29,0.26940000000000003,51.5,742268.8,71372.0,Earnings Yield,20,400000,2026-09-29,,,
WIZC3,7.74,6.24,1.67,0.971,0.0812,0.514,20.86,2.0,-2.85,1.97,1.68,"60,14%",0.4861,0.27190000000000003,1.1,32.8,0.26780000000000004,2540930.0,740937000.0,-0.02,0.1226,50.8,343539.9,44385.0,Earnings Yield,20,400000,2026-09-29,,,
QUAL3,1.58,17.2,0.34,0.332,0.005699999999999999,0.131,-0.8,0.75,-0.34,2.09,1.47,"87,86%",0.44020000000000004,0.0256,0.58,22.6,0.0196,5234790.0,1334000000.0,0.60,-0.0987,47.8,333030.82,210779.0,Earnings Yield,20,400000,2026-09-29,,,
LREN3,11.16,7.52,1.08,0.704,0.0825,0.588,2.43,3.06,4.43,2.74,2.03,"61,99%",0.2302,0.0935,1.69,23.5,0.1441,221303000.0,10367800000.0,-0.11,0.061799999999999994,36.5,300036.6,26885.0,Earnings Yield,20,400000,2026-09-29,,,
BHIA3,1.04,-0.08,-0.13,0.035,0.0,0.041,-0.13,0.46,-0.05,2.97,2.03,"31,19%",0.07690000000000001,-0.44420000000000004,0.64,14.8,1.5969,8382220.0,-8270000000.0,-0.69,-0.013500000000000002,33.7,360679.28,346807.0,Earnings Yield,20,400000,2026-09-29,,,
ALLD3,4.93,1.3,0.3,0.086,0.4645,0.133,0.45,2.8,0.73,3.02,2.4,"11,99%",0.0305,0.06559999999999999,1.66,9.3,0.2306,2263040.0,1574190000.0,0.02,-0.0069,33.1,353091.52999999997,71621.0,Earnings Yield,20,400000,2026-09-29,,,
PCAR3,2.91,-0.67,3.5,0.078,0.0,0.092,-0.35,0.86,-0.13,3.06,1.84,"28,97%",0.0911,-0.11599999999999999,0.52,12.9,-5.2029,14583500.0,409000000.0,8.95,-0.0766,32.7,448946.07,154277.0,Earnings Yield,20,400000,2026-09-29,,,
CEAB3,9.42,5.16,0.76,0.362,0.0554,0.333,1.72,2.99,-4.03,3.16,2.3,"56,22%",0.12119999999999999,0.0702,1.67,14.9,0.1479,84372600.0,3803110000.0,0.04,0.0855,31.6,333392.64,35392.0,Earnings Yield,20,400000,2026-09-29,,,
GOAU4,11.2,18.65,0.77,0.213,0.0342,0.181,0.77,2.1,11.74,3.25,2.13,"13,10%",0.1012,0.0327,2.88,10.0,0.041299999999999996,106480000.0,19234800000.0,0.42,-0.051399999999999994,30.8,410491.19999999995,36651.0,Earnings Yield,20,400000,2026-09-29,,,
LJQQ3,1.28,-1.26,0.85,0.081,0.0,0.067,0.21,4.45,-0.38,3.61,1.03,"31,73%",0.0182,-0.064,1.77,2.0,-0.6762,2539210.0,292374000.0,-0.16,0.0803,27.7,899512.3200000001,702744.0,Earnings Yield,20,400000,2026-09-29,,,
ASAI3,10.2,14.32,2.18,0.178,0.0102,0.296,7.32,2.08,-0.6,3.85,3.02,"18,05%",0.0858,0.0124,1.12,21.2,0.1521,102078000.0,6346000000.0,1.86,0.13,26.0,427512.6,41913.0,Earnings Yield,20,400000,2026-09-29,,,
VTRU3,14.98,2.05,0.56,0.956,0.0017000000000000001,0.339,3.29,2.57,-1.51,3.91,3.09,"66,01%",0.3715,0.4656,2.56,15.1,0.2723,9367640.0,4014380000.0,0.29,0.09029999999999999,25.6,421537.2,28140.0,Earnings Yield,20,400000,2026-09-29,,,
SEER3,12.95,6.14,1.09,0.727,0.0682,0.496,4.09,3.2,-2.11,3.97,2.78,"59,96%",0.2273,0.1185,1.64,17.0,0.1783,15186600.0,1523700000.0,0.26,0.1007,25.2,417650.44999999995,32251.0,Earnings Yield,20,400000,2026-09-29,,,
PETR4,48.72,4.71,1.31,1.145,0.0748,0.491,-23.78,2.68,-0.98,4.01,2.92,"50,60%",0.4276,0.2439,0.85,19.7,0.2773,2042190000.0,480950000000.0,0.65,-0.0233,24.9,971866.5599999999,19948.0,Earnings Yield,20,400000,2026-09-29,,,
CSED3,4.87,5.73,1.06,0.607,0.09970000000000001,0.369,4.44,3.15,-0.93,4.02,2.7,"51,28%",0.1925,0.1059,1.49,14.9,0.185,1754830.0,1675800000.0,0.29,0.1107,24.9,397114.41000000003,81543.0,Earnings Yield,20,400000,2026-09-29,,,
PGMN3,3.36,7.41,0.71,0.156,0.0702,0.248,0.98,2.58,-3.29,4.13,2.62,"32,30%",0.0604,0.021,1.78,12.8,0.09609999999999999,21238100.0,3417800000.0,0.43,0.17600000000000002,24.2,416680.32,124012.0,Earnings Yield,20,400000,2026-09-29,,,
OBTC3,7.4,-1.94,2.12,-2812.13,0.0,1.719,-13.37,-96.3,-13.35,-103.34,-102.82,"-15,84%",29.202600000000004,1446.37,0.32,-1.9,-1.092,8490210.0,1019920000.0,0.16,0.0,-1.0,162437.4,21951.0,Earnings Yield,20,1000000,2026-09-29,,,
IRBR3,60.98,-33.93,0.94,1.119,0.0259,0.33,0.0,40.9,0.0,0.0,0.0,"1,14%",0.0274,-0.033,0.0,0.0,-0.0276,45519300.0,5328370000.0,0.00,-0.3448,inf,415395.75999999995,6812.0,Earnings Yield,20,1000000,2026-09-29,,,
PSSA3,47.0,8.25,1.88,0.713,0.0638,0.516,3.78,0.86,-4.64,0.45,0.45,"100,00%",0.8262999999999999,0.0872,1.29,79.3,0.2284,82919800.0,16126400000.0,-0.90,0.1434,222.2,340045.0,7235.0,Earnings Yield,20,1000000,2026-09-29,,,
PLPL3,6.68,4.46,1.22,0.384,0.0738,0.315,0.54,1.72,2.06,1.92,1.86,"28,56%",0.22399999999999998,0.0989,3.01,24.3,0.2732,15173600.0,1117620000.0,0.15,0.2865,52.1,278462.48,41686.0,Earnings Yield,20,1000000,2026-09-29,,,
WIZC3,7.74,6.24,1.67,0.971,0.0812,0.514,20.86,2.0,-2.85,1.97,1.68,"60,14%",0.4861,0.27190000000000003,1.1,32.8,0.26780000000000004,2540930.0,740937000.0,-0.02,0.1226,50.8,350204.04000000004,45246.0,Earnings Yield,20,1000000,2026-09-29,,,
QUAL3,1.58,17.2,0.34,0.332,0.005699999999999999,0.131,-0.8,0.75,-0.34,2.09,1.47,"87,86%",0.44020000000000004,0.0256,0.58,22.6,0.0196,5234790.0,1334000000.0,0.60,-0.0987,47.8,336449.94,212943.0,Earnings Yield,20,1000000,2026-09-29,,,
LREN3,11.16,7.52,1.08,0.704,0.0825,0.588,2.43,3.06,4.43,2.74,2.03,"61,99%",0.2302,0.0935,1.69,23.5,0.1441,221303000.0,10367800000.0,-0.11,0.061799999999999994,36.5,299757.6,26860.0,Earnings Yield,20,1000000,2026-09-29,,,
BHIA3,1.04,-0.08,-0.13,0.035,0.0,0.041,-0.13,0.46,-0.05,2.97,2.03,"31,19%",0.07690000000000001,-0.44420000000000004,0.64,14.8,1.5969,8382220.0,-8270000000.0,-0.69,-0.013500000000000002,33.7,353672.8,340070.0,Earnings Yield,20,1000000,2026-09-29,,,
ALLD3,4.93,1.3,0.3,0.086,0.4645,0.133,0.45,2.8,0.73,3.02,2.4,"11,99%",0.0305,0.06559999999999999,1.66,9.3,0.2306,2263040.0,1574190000.0,0.02,-0.0069,33.1,346529.69999999995,70290.0,Earnings Yield,20,1000000,2026-09-29,,,
PCAR3,2.91,-0.67,3.5,0.078,0.0,0.092,-0.35,0.86,-0.13,3.06,1.84,"28,97%",0.0911,-0.11599999999999999,0.52,12.9,-5.2029,14583500.0,409000000.0,8.95,-0.0766,32.7,465585.45,159995.0,Earnings Yield,20,1000000,2026-09-29,,,
CEAB3,9.42,5.16,0.76,0.362,0.0554,0.333,1.72,2.99,-4.03,3.16,2.3,"56,22%",0.12119999999999999,0.0702,1.67,14.9,0.1479,84372600.0,3803110000.0,0.04,0.0855,31.6,333053.52,35356.0,Earnings Yield,20,1000000,2026-09-29,,,
GOAU4,11.2,18.65,0.77,0.213,0.0342,0.181,0.77,2.1,11.74,3.25,2.13,"13,10%",0.1012,0.0327,2.88,10.0,0.041299999999999996,106480000.0,19234800000.0,0.42,-0.051399999999999994,30.8,416315.19999999995,37171.0,Earnings Yield,20,1000000,2026-09-29,,,
LJQQ3,1.28,-1.26,0.85,0.081,0.0,0.067,0.21,4.45,-0.38,3.61,1.03,"31,73%",0.0182,-0.064,1.77,2.0,-0.6762,2539210.0,292374000.0,-0.16,0.0803,27.7,167523.84,130878.0,Earnings Yield,20,1000000,2026-09-29,,,
ASAI3,10.2,14.32,2.18,0.178,0.0102,0.296,7.32,2.08,-0.6,3.85,3.02,"18,05%",0.0858,0.0124,1.12,21.2,0.1521,102078000.0,6346000000.0,1.86,0.13,26.0,433754.99999999994,42525.0,Earnings Yield,20,1000000,2026-09-29,,,
VTRU3,14.98,2.05,0.56,0.956,0.0017000000000000001,0.339,3.29,2.57,-1.51,3.91,3.09,"66,01%",0.3715,0.4656,2.56,15.1,0.2723,9367640.0,4014380000.0,0.29,0.09029999999999999,25.6,420443.66000000003,28067.0,Earnings Yield,20,1000000,2026-09-29,,,
SEER3,12.95,6.14,1.09,0.727,0.0682,0.496,4.09,3.2,-2.11,3.97,2.78,"59,96%",0.2273,0.1185,1.64,17.0,0.1783,15186600.0,1523700000.0,0.26,0.1007,25.2,398678.69999999995,30786.0,Earnings Yield,20,1000000,2026-09-29,,,
PETR4,48.72,4.71,1.31,1.145,0.0748,0.491,-23.78,2.68,-0.98,4.01,2.92,"50,60%",0.4276,0.2439,0.85,19.7,0.2773,2042190000.0,480950000000.0,0.65,-0.0233,24.9,437456.88,8979.0,Earnings Yield,20,1000000,2026-09-29,,,
CSED3,4.87,5.73,1.06,0.607,0.09970000000000001,0.369,4.44,3.15,-0.93,4.02,2.7,"51,28%",0.1925,0.1059,1.49,14.9,0.185,1754830.0,1675800000.0,0.29,0.1107,24.9,406601.17,83491.0,Earnings Yield,20,1000000,2026-09-29,,,
PGMN3,3.36,7.41,0.71,0.156,0.0702,0.248,0.98,2.58,-3.29,4.13,2.62,"32,30%",0.0604,0.021,1.78,12.8,0.09609999999999999,21238100.0,3417800000.0,0.43,0.17600000000000002,24.2,367335.36,109326.0,Earnings Yield,20,1000000,2026-09-29,,,
ANIM3,2.83,7.43,0.47,0.275,0.0275,0.108,1.26,0.91,-0.23,4.24,3.2,"63,39%",0.3031,0.0687,1.49,14.6,0.0636,20203900.0,2417360000.0,1.74,0.0436,23.6,367096.28,129716.0,Earnings Yield,20,1000000,2026-09-29,,,
OBTC3,7.4,-1.94,2.12,-2812.13,0.0,1.719,-13.37,-96.3,-13.35,-103.34,-102.82,"-15,84%",29.202600000000004,1446.37,0.32,-1.9,-1.092,8490210.0,1019920000.0,0.16,0.0,-1.0,178162.4,24076.0,Earnings Yield,30,400000,2026-09-29,,,
IRBR3,60.98,-33.93,0.94,1.119,0.0259,0.33,0.0,40.9,0.0,0.0,0.0,"1,14%",0.0274,-0.033,0.0,0.0,-0.0276,45519300.0,5328370000.0,0.00,-0.3448,inf,197026.37999999998,3231.0,Earnings Yield,30,400000,2026-09-29,,,
PSSA3,47.0,8.25,1.88,0.713,0.0638,0.516,3.78,0.86,-4.64,0.45,0.45,"100,00%",0.8262999999999999,0.0872,1.29,79.3,0.2284,82919800.0,16126400000.0,-0.90,0.1434,222.2,163936.0,3488.0,Earnings Yield,30,400000,2026-09-29,,,
PLPL3,6.68,4.46,1.22,0.384,0.0738,0.315,0.54,1.72,2.06,1.92,1.86,"28,56%",0.22399999999999998,0.0989,3.01,24.3,0.2732,15173600.0,1117620000.0,0.15,0.2865,52.1,137000.12,20509.0,Earnings Yield,30,400000,2026-09-29,,,
DOTZ3,10.4,4.83,-0.64,0.375,0.0,0.317,2.88,1.34,-0.42,1.94,1.54,"63,62%",0.2808,0.07769999999999999,1.18,28.5,-0.132,878315.0,-217317000.0,-0.29,0.26940000000000003,51.5,205181.6,19729.0,Earnings Yield,30,400000,2026-09-29,,,
WIZC3,7.74,6.24,1.67,0.971,0.0812,0.514,20.86,2.0,-2.85,1.97,1.68,"60,14%",0.4861,0.27190000000000003,1.1,32.8,0.26780000000000004,2540930.0,740937000.0,-0.02,0.1226,50.8,167857.38,21687.0,Earnings Yield,30,400000,2026-09-29,,,
QUAL3,1.58,17.2,0.34,0.332,0.005699999999999999,0.131,-0.8,0.75,-0.34,2.09,1.47,"87,86%",0.44020000000000004,0.0256,0.58,22.6,0.0196,5234790.0,1334000000.0,0.60,-0.0987,47.8,161556.58000000002,102251.0,Earnings Yield,30,400000,2026-09-29,,,
LREN3,11.16,7.52,1.08,0.704,0.0825,0.588,2.43,3.06,4.43,2.74,2.03,"61,99%",0.2302,0.0935,1.69,23.5,0.1441,221303000.0,10367800000.0,-0.11,0.061799999999999994,36.5,148260.6,13285.0,Earnings Yield,30,400000,2026-09-29,,,
BHIA3,1.04,-0.08,-0.13,0.035,0.0,0.041,-0.13,0.46,-0.05,2.97,2.03,"31,19%",0.07690000000000001,-0.44420000000000004,0.64,14.8,1.5969,8382220.0,-8270000000.0,-0.69,-0.013500000000000002,33.7,189757.36000000002,182459.0,Earnings Yield,30,400000,2026-09-29,,,
ALLD3,4.93,1.3,0.3,0.086,0.4645,0.133,0.45,2.8,0.73,3.02,2.4,"11,99%",0.0305,0.06559999999999999,1.66,9.3,0.2306,2263040.0,1574190000.0,0.02,-0.0069,33.1,162951.28999999998,33053.0,Earnings Yield,30,400000,2026-09-29,,,
PCAR3,2.91,-0.67,3.5,0.078,0.0,0.092,-0.35,0.86,-0.13,3.06,1.84,"28,97%",0.0911,-0.11599999999999999,0.52,12.9,-5.2029,14583500.0,409000000.0,8.95,-0.0766,32.7,217068.54,74594.0,Earnings Yield,30,400000,2026-09-29,,,
CEAB3,9.42,5.16,0.76,0.362,0.0554,0.333,1.72,2.99,-4.03,3.16,2.3,"56,22%",0.12119999999999999,0.0702,1.67,14.9,0.1479,84372600.0,3803110000.0,0.04,0.0855,31.6,165255.06,17543.0,Earnings Yield,30,400000,2026-09-29,,,
GOAU4,11.2,18.65,0.77,0.213,0.0342,0.181,0.77,2.1,11.74,3.25,2.13,"13,10%",0.1012,0.0327,2.88,10.0,0.041299999999999996,106480000.0,19234800000.0,0.42,-0.051399999999999994,30.8,199550.4,17817.0,Earnings Yield,30,400000,2026-09-29,,,
LJQQ3,1.28,-1.26,0.85,0.081,0.0,0.067,0.21,4.45,-0.38,3.61,1.03,"31,73%",0.0182,-0.064,1.77,2.0,-0.6762,2539210.0,292374000.0,-0.16,0.0803,27.7,137555.2,107465.0,Earnings Yield,30,400000,2026-09-29,,,
ASAI3,10.2,14.32,2.18,0.178,0.0102,0.296,7.32,2.08,-0.6,3.85,3.02,"18,05%",0.0858,0.0124,1.12,21.2,0.1521,102078000.0,6346000000.0,1.86,0.13,26.0,207927.0,20385.0,Earnings Yield,30,400000,2026-09-29,,,
VTRU3,14.98,2.05,0.56,0.956,0.0017000000000000001,0.339,3.29,2.57,-1.51,3.91,3.09,"66,01%",0.3715,0.4656,2.56,15.1,0.2723,9367640.0,4014380000.0,0.29,0.09029999999999999,25.6,188298.6,12570.0,Earnings Yield,30,400000,2026-09-29,,,
SEER3,12.95,6.14,1.09,0.727,0.0682,0.496,4.09,3.2,-2.11,3.97,2.78,"59,96%",0.2273,0.1185,1.64,17.0,0.1783,15186600.0,1523700000.0,0.26,0.1007,25.2,191439.84999999998,14783.0,Earnings Yield,30,400000,2026-09-29,,,
PETR4,48.72,4.71,1.31,1.145,0.0748,0.491,-23.78,2.68,-0.98,4.01,2.92,"50,60%",0.4276,0.2439,0.85,19.7,0.2773,2042190000.0,480950000000.0,0.65,-0.0233,24.9,198534.0,4075.0,Earnings Yield,30,400000,2026-09-29,,,
CSED3,4.87,5.73,1.06,0.607,0.09970000000000001,0.369,4.44,3.15,-0.93,4.02,2.7,"51,28%",0.1925,0.1059,1.49,14.9,0.185,1754830.0,1675800000.0,0.29,0.1107,24.9,193903.92,39816.0,Earnings Yield,30,400000,2026-09-29,,,
PGMN3,3.36,7.41,0.71,0.156,0.0702,0.248,0.98,2.58,-3.29,4.13,2.62,"32,30%",0.0604,0.021,1.78,12.8,0.09609999999999999,21238100.0,3417800000.0,0.43,0.17600000000000002,24.2,147043.68,43763.0,Earnings Yield,30,400000,2026-09-29,,,
PFRM3,7.19,5.76,0.62,0.071,0.08960000000000001,0.112,0.57,2.13,-1.52,4.18,2.76,"15,14%",0.0334,0.0129,1.37,9.0,0.10710000000000001,936310.0,1442850000.0,0.59,0.1543,23.9,179419.26,24954.0,Earnings Yield,30,400000,2026-09-29,,,
ANIM3,2.83,7.43,0.47,0.275,0.0275,0.108,1.26,0.91,-0.23,4.24,3.2,"63,39%",0.3031,0.0687,1.49,14.6,0.0636,20203900.0,2417360000.0,1.74,0.0436,23.6,170385.81,60207.0,Earnings Yield,30,400000,2026-09-29,,,
COGN3,2.11,6.21,0.32,0.556,0.0562,0.178,1.82,1.96,-0.77,4.32,3.26,"65,20%",0.2838,0.0863,1.88,10.2,0.051100000000000007,71252100.0,13733200000.0,0.38,0.1235,23.1,153599.56,72796.0,Earnings Yield,30,400000,2026-09-29,,,
VLID3,17.33,6.13,0.81,0.683,0.1101,0.466,1.79,3.94,11.56,4.35,3.19,"35,19%",0.17329999999999998,0.1153,2.3,15.7,0.1318,3765510.0,1713420000.0,0.08,-0.0048,23.0,170007.3,9810.0,Earnings Yield,30,400000,2026-09-29,,,
MDNE3,24.0,4.47,1.09,0.958,0.1617,0.365,1.26,4.11,-2.19,4.44,4.31,"37,75%",0.233,0.214,2.38,11.0,0.2438,30153700.0,2296080000.0,0.09,0.40130000000000005,22.5,594096.0,24754.0,Earnings Yield,30,400000,2026-09-29,,,
RIAA3,6.9,2.26,0.64,0.325,0.4692,0.245,1.0,3.25,8.94,4.46,2.54,"61,58%",0.1,0.1435,1.61,9.0,0.28350000000000003,11155600.0,5403030000.0,0.24,0.0728,22.4,163543.80000000002,23702.0,Earnings Yield,30,400000,2026-09-29,,,
TEND3,28.52,6.04,2.27,0.73,0.0512,0.493,1.79,4.19,-2.21,4.56,4.18,"32,34%",0.174,0.1158,1.96,14.4,0.3761,101527000.0,1539020000.0,0.20,0.1839,21.9,185437.04,6502.0,Earnings Yield,30,400000,2026-09-29,,,
DIRR3,9.7,5.9,2.17,1.046,0.1598,0.345,0.94,4.22,-1.04,4.71,4.38,"40,35%",0.248,0.2259,4.17,10.0,0.3678,105512000.0,2326860000.0,0.25,0.2562,21.2,202991.9,20927.0,Earnings Yield,30,400000,2026-09-29,,,
EUCA4,21.62,4.99,0.66,0.633,0.052000000000000005,0.387,1.83,3.8,-12.31,4.71,2.99,"36,28%",0.1664,0.1267,2.22,11.9,0.1328,1464720.0,3020340000.0,0.16,0.058499999999999996,21.2,125352.76000000001,5798.0,Earnings Yield,30,400000,2026-09-29,,,
BEEF3,4.01,8.75,2.54,0.07,0.048799999999999996,0.086,0.45,1.06,-0.27,4.84,3.82,"16,83%",0.0663,0.0085,1.43,16.6,0.2904,73212100.0,1579090000.0,9.10,0.183,20.7,153466.71,38271.0,Earnings Yield,30,400000,2026-09-29,,,
OBTC3,7.4,-1.94,2.12,-2812.13,0.0,1.719,-13.37,-96.3,-13.35,-103.34,-102.82,"-15,84%",29.202600000000004,1446.37,0.32,-1.9,-1.092,8490210.0,1019920000.0,0.16,0.0,-1.0,131912.4,17826.0,Earnings Yield,30,1000000,2026-09-29,,,
IRBR3,60.98,-33.93,0.94,1.119,0.0259,0.33,0.0,40.9,0.0,0.0,0.0,"1,14%",0.0274,-0.033,0.0,0.0,-0.0276,45519300.0,5328370000.0,0.00,-0.3448,inf,176171.22,2889.0,Earnings Yield,30,1000000,2026-09-29,,,
PSSA3,47.0,8.25,1.88,0.713,0.0638,0.516,3.78,0.86,-4.64,0.45,0.45,"100,00%",0.8262999999999999,0.0872,1.29,79.3,0.2284,82919800.0,16126400000.0,-0.90,0.1434,222.2,143867.0,3061.0,Earnings Yield,30,1000000,2026-09-29,,,
PLPL3,6.68,4.46,1.22,0.384,0.0738,0.315,0.54,1.72,2.06,1.92,1.86,"28,56%",0.22399999999999998,0.0989,3.01,24.3,0.2732,15173600.0,1117620000.0,0.15,0.2865,52.1,127481.12,19084.0,Earnings Yield,30,1000000,2026-09-29,,,
WIZC3,7.74,6.24,1.67,0.971,0.0812,0.514,20.86,2.0,-2.85,1.97,1.68,"60,14%",0.4861,0.27190000000000003,1.1,32.8,0.26780000000000004,2540930.0,740937000.0,-0.02,0.1226,50.8,149072.4,19260.0,Earnings Yield,30,1000000,2026-09-29,,,
QUAL3,1.58,17.2,0.34,0.332,0.005699999999999999,0.131,-0.8,0.75,-0.34,2.09,1.47,"87,86%",0.44020000000000004,0.0256,0.58,22.6,0.0196,5234790.0,1334000000.0,0.60,-0.0987,47.8,149237.32,94454.0,Earnings Yield,30,1000000,2026-09-29,,,
LREN3,11.16,7.52,1.08,0.704,0.0825,0.588,2.43,3.06,4.43,2.74,2.03,"61,99%",0.2302,0.0935,1.69,23.5,0.1441,221303000.0,10367800000.0,-0.11,0.061799999999999994,36.5,132223.68,11848.0,Earnings Yield,30,1000000,2026-09-29,,,
BHIA3,1.04,-0.08,-0.13,0.035,0.0,0.041,-0.13,0.46,-0.05,2.97,2.03,"31,19%",0.07690000000000001,-0.44420000000000004,0.64,14.8,1.5969,8382220.0,-8270000000.0,-0.69,-0.013500000000000002,33.7,182791.44,175761.0,Earnings Yield,30,1000000,2026-09-29,,,
ALLD3,4.93,1.3,0.3,0.086,0.4645,0.133,0.45,2.8,0.73,3.02,2.4,"11,99%",0.0305,0.06559999999999999,1.66,9.3,0.2306,2263040.0,1574190000.0,0.02,-0.0069,33.1,150291.05,30485.0,Earnings Yield,30,1000000,2026-09-29,,,
PCAR3,2.91,-0.67,3.5,0.078,0.0,0.092,-0.35,0.86,-0.13,3.06,1.84,"28,97%",0.0911,-0.11599999999999999,0.52,12.9,-5.2029,14583500.0,409000000.0,8.95,-0.0766,32.7,187043.16,64276.0,Earnings Yield,30,1000000,2026-09-29,,,
CEAB3,9.42,5.16,0.76,0.362,0.0554,0.333,1.72,2.99,-4.03,3.16,2.3,"56,22%",0.12119999999999999,0.0702,1.67,14.9,0.1479,84372600.0,3803110000.0,0.04,0.0855,31.6,150352.62,15961.0,Earnings Yield,30,1000000,2026-09-29,,,
GOAU4,11.2,18.65,0.77,0.213,0.0342,0.181,0.77,2.1,11.74,3.25,2.13,"13,10%",0.1012,0.0327,2.88,10.0,0.041299999999999996,106480000.0,19234800000.0,0.42,-0.051399999999999994,30.8,173622.4,15502.0,Earnings Yield,30,1000000,2026-09-29,,,
LJQQ3,1.28,-1.26,0.85,0.081,0.0,0.067,0.21,4.45,-0.38,3.61,1.03,"31,73%",0.0182,-0.064,1.77,2.0,-0.6762,2539210.0,292374000.0,-0.16,0.0803,27.7,148332.80000000002,115885.0,Earnings Yield,30,1000000,2026-09-29,,,
ASAI3,10.2,14.32,2.18,0.178,0.0102,0.296,7.32,2.08,-0.6,3.85,3.02,"18,05%",0.0858,0.0124,1.12,21.2,0.1521,102078000.0,6346000000.0,1.86,0.13,26.0,186619.19999999998,18296.0,Earnings Yield,30,1000000,2026-09-29,,,
VTRU3,14.98,2.05,0.56,0.956,0.0017000000000000001,0.339,3.29,2.57,-1.51,3.91,3.09,"66,01%",0.3715,0.4656,2.56,15.1,0.2723,9367640.0,4014380000.0,0.29,0.09029999999999999,25.6,178052.28,11886.0,Earnings Yield,30,1000000,2026-09-29,,,
SEER3,12.95,6.14,1.09,0.727,0.0682,0.496,4.09,3.2,-2.11,3.97,2.78,"59,96%",0.2273,0.1185,1.64,17.0,0.1783,15186600.0,1523700000.0,0.26,0.1007,25.2,169852.19999999998,13116.0,Earnings Yield,30,1000000,2026-09-29,,,
PETR4,48.72,4.71,1.31,1.145,0.0748,0.491,-23.78,2.68,-0.98,4.01,2.92,"50,60%",0.4276,0.2439,0.85,19.7,0.2773,2042190000.0,480950000000.0,0.65,-0.0233,24.9,178071.6,3655.0,Earnings Yield,30,1000000,2026-09-29,,,
CSED3,4.87,5.73,1.06,0.607,0.09970000000000001,0.369,4.44,3.15,-0.93,4.02,2.7,"51,28%",0.1925,0.1059,1.49,14.9,0.185,1754830.0,1675800000.0,0.29,0.1107,24.9,174759.95,35885.0,Earnings Yield,30,1000000,2026-09-29,,,
PGMN3,3.36,7.41,0.71,0.156,0.0702,0.248,0.98,2.58,-3.29,4.13,2.62,"32,30%",0.0604,0.021,1.78,12.8,0.09609999999999999,21238100.0,3417800000.0,0.43,0.17600000000000002,24.2,141072.96,41986.0,Earnings Yield,30,1000000,2026-09-29,,,
ANIM3,2.83,7.43,0.47,0.275,0.0275,0.108,1.26,0.91,-0.23,4.24,3.2,"63,39%",0.3031,0.0687,1.49,14.6,0.0636,20203900.0,2417360000.0,1.74,0.0436,23.6,164884.29,58263.0,Earnings Yield,30,1000000,2026-09-29,,,
COGN3,2.11,6.21,0.32,0.556,0.0562,0.178,1.82,1.96,-0.77,4.32,3.26,"65,20%",0.2838,0.0863,1.88,10.2,0.051100000000000007,71252100.0,13733200000.0,0.38,0.1235,23.1,140074.46,66386.0,Earnings Yield,30,1000000,2026-09-29,,,
VLID3,17.33,6.13,0.81,0.683,0.1101,0.466,1.79,3.94,11.56,4.35,3.19,"35,19%",0.17329999999999998,0.1153,2.3,15.7,0.1318,3765510.0,1713420000.0,0.08,-0.0048,23.0,151412.21,8737.0,Earnings Yield,30,1000000,2026-09-29,,,
MDNE3,24.0,4.47,1.09,0.958,0.1617,0.365,1.26,4.11,-2.19,4.44,4.31,"37,75%",0.233,0.214,2.38,11.0,0.2438,30153700.0,2296080000.0,0.09,0.40130000000000005,22.5,92976.0,3874.0,Earnings Yield,30,1000000,2026-09-29,,,
RIAA3,6.9,2.26,0.64,0.325,0.4692,0.245,1.0,3.25,8.94,4.46,2.54,"61,58%",0.1,0.1435,1.61,9.0,0.28350000000000003,11155600.0,5403030000.0,0.24,0.0728,22.4,117134.40000000001,16976.0,Earnings Yield,30,1000000,2026-09-29,,,
TEND3,28.52,6.04,2.27,0.73,0.0512,0.493,1.79,4.19,-2.21,4.56,4.18,"32,34%",0.174,0.1158,1.96,14.4,0.3761,101527000.0,1539020000.0,0.20,0.1839,21.9,147020.6,5155.0,Earnings Yield,30,1000000,2026-09-29,,,
DIRR3,9.7,5.9,2.17,1.046,0.1598,0.345,0.94,4.22,-1.04,4.71,4.38,"40,35%",0.248,0.2259,4.17,10.0,0.3678,105512000.0,2326860000.0,0.25,0.2562,21.2,150999.9,15567.0,Earnings Yield,30,1000000,2026-09-29,,,
EUCA4,21.62,4.99,0.66,0.633,0.052000000000000005,0.387,1.83,3.8,-12.31,4.71,2.99,"36,28%",0.1664,0.1267,2.22,11.9,0.1328,1464720.0,3020340000.0,0.16,0.058499999999999996,21.2,150756.26,6973.0,Earnings Yield,30,1000000,2026-09-29,,,
BEEF3,4.01,8.75,2.54,0.07,0.048799999999999996,0.086,0.45,1.06,-0.27,4.84,3.82,"16,83%",0.0663,0.0085,1.43,16.6,0.2904,73212100.0,1579090000.0,9.10,0.183,20.7,167886.66999999998,41867.0,Earnings Yield,30,1000000,2026-09-29,,,
SAPR11,33.04,21.94,0.83,1.324,0.0167,0.376,3.42,3.93,-1.23,4.94,3.92,"57,51%",0.3371,0.0604,1.86,11.8,0.037599999999999995,48010300.0,12103900000.0,0.21,0.08470000000000001,20.2,163085.44,4936.0,Earnings Yield,30,1000000,2026-09-29,,,
HBRE3,2.57,7.27,0.15,0.477,0.4535,0.054,-3.03,0.72,-0.14,4.96,4.87,"39,75%",0.6576000000000001,0.198,0.81,7.8,0.020499999999999997,1326720.0,1783260000.0,0.87,0.3975,20.2,133555.19,51967.0,Earnings Yield,30,1000000,2026-09-29,,,
PSSA3,47.0,8.25,1.88,0.713,0.0638,0.516,3.78,0.86,-4.64,0.45,0.45,"100,00%",0.8262999999999999,0.0872,1.29,79.3,0.2284,82919800.0,16126400000.0,-0.90,0.1434,222.2,2013339.0,42837.0,Magic Formula,5,400000,2026-09-29,2.0,1.0,3.0
WIZC3,7.74,6.24,1.67,0.971,0.0812,0.514,20.86,2.0,-2.85,1.97,1.68,"60,14%",0.4861,0.27190000000000003,1.1,32.8,0.26780000000000004,2540930.0,740937000.0,-0.02,0.1226,50.8,2051858.52,265098.0,Magic Formula,5,400000,2026-09-29,5.0,4.0,9.0
DOTZ3,10.4,4.83,-0.64,0.375,0.0,0.317,2.88,1.34,-0.42,1.94,1.54,"63,62%",0.2808,0.07769999999999999,1.18,28.5,-0.132,878315.0,-217317000.0,-0.29,0.26940000000000003,51.5,2503696.0,240740.0,Magic Formula,5,400000,2026-09-29,4.0,5.0,9.0
PLPL3,6.68,4.46,1.22,0.384,0.0738,0.315,0.54,1.72,2.06,1.92,1.86,"28,56%",0.22399999999999998,0.0989,3.01,24.3,0.2732,15173600.0,1117620000.0,0.15,0.2865,52.1,1633159.8,244485.0,Magic Formula,5,400000,2026-09-29,3.0,8.5,11.5
LREN3,11.16,7.52,1.08,0.704,0.0825,0.588,2.43,3.06,4.43,2.74,2.03,"61,99%",0.2302,0.0935,1.69,23.5,0.1441,221303000.0,10367800000.0,-0.11,0.061799999999999994,36.5,2086016.04,186919.0,Magic Formula,5,400000,2026-09-29,7.0,10.0,17.0
PSSA3,47.0,8.25,1.88,0.713,0.0638,0.516,3.78,0.86,-4.64,0.45,0.45,"100,00%",0.8262999999999999,0.0872,1.29,79.3,0.2284,82919800.0,16126400000.0,-0.90,0.1434,222.2,2203125.0,46875.0,Magic Formula,5,1000000,2026-09-29,2.0,1.0,3.0
WIZC3,7.74,6.24,1.67,0.971,0.0812,0.514,20.86,2.0,-2.85,1.97,1.68,"60,14%",0.4861,0.27190000000000003,1.1,32.8,0.26780000000000004,2540930.0,740937000.0,-0.02,0.1226,50.8,2249058.24,290576.0,Magic Formula,5,1000000,2026-09-29,4.0,4.0,8.0
PLPL3,6.68,4.46,1.22,0.384,0.0738,0.315,0.54,1.72,2.06,1.92,1.86,"28,56%",0.22399999999999998,0.0989,3.01,24.3,0.2732,15173600.0,1117620000.0,0.15,0.2865,52.1,1820106.28,272471.0,Magic Formula,5,1000000,2026-09-29,3.0,7.5,10.5
LREN3,11.16,7.52,1.08,0.704,0.0825,0.588,2.43,3.06,4.43,2.74,2.03,"61,99%",0.2302,0.0935,1.69,23.5,0.1441,221303000.0,10367800000.0,-0.11,0.061799999999999994,36.5,2027437.2,181670.0,Magic Formula,5,1000000,2026-09-29,6.0,9.0,15.0
QUAL3,1.58,17.2,0.34,0.332,0.005699999999999999,0.131,-0.8,0.75,-0.34,2.09,1.47,"87,86%",0.44020000000000004,0.0256,0.58,22.6,0.0196,5234790.0,1334000000.0,0.60,-0.0987,47.8,2197280.72,1390684.0,Magic Formula,5,1000000,2026-09-29,5.0,11.0,16.0
PSSA3,47.0,8.25,1.88,0.713,0.0638,0.516,3.78,0.86,-4.64,0.45,0.45,"100,00%",0.8262999999999999,0.0872,1.29,79.3,0.2284,82919800.0,16126400000.0,-0.90,0.1434,222.2,770283.0,16389.0,Magic Formula,10,400000,2026-09-29,2.0,1.0,3.0
WIZC3,7.74,6.24,1.67,0.971,0.0812,0.514,20.86,2.0,-2.85,1.97,1.68,"60,14%",0.4861,0.27190000000000003,1.1,32.8,0.26780000000000004,2540930.0,740937000.0,-0.02,0.1226,50.8,789928.92,102058.0,Magic Formula,10,400000,2026-09-29,5.0,4.0,9.0
DOTZ3,10.4,4.83,-0.64,0.375,0.0,0.317,2.88,1.34,-0.42,1.94,1.54,"63,62%",0.2808,0.07769999999999999,1.18,28.5,-0.132,878315.0,-217317000.0,-0.29,0.26940000000000003,51.5,1163624.8,111887.0,Magic Formula,10,400000,2026-09-29,4.0,5.0,9.0
PLPL3,6.68,4.46,1.22,0.384,0.0738,0.315,0.54,1.72,2.06,1.92,1.86,"28,56%",0.22399999999999998,0.0989,3.01,24.3,0.2732,15173600.0,1117620000.0,0.15,0.2865,52.1,640024.1599999999,95812.0,Magic Formula,10,400000,2026-09-29,3.0,8.5,11.5
LREN3,11.16,7.52,1.08,0.704,0.0825,0.588,2.43,3.06,4.43,2.74,2.03,"61,99%",0.2302,0.0935,1.69,23.5,0.1441,221303000.0,10367800000.0,-0.11,0.061799999999999994,36.5,691250.4,61940.0,Magic Formula,10,400000,2026-09-29,7.0,10.0,17.0
QUAL3,1.58,17.2,0.34,0.332,0.005699999999999999,0.131,-0.8,0.75,-0.34,2.09,1.47,"87,86%",0.44020000000000004,0.0256,0.58,22.6,0.0196,5234790.0,1334000000.0,0.60,-0.0987,47.8,764080.1,483595.0,Magic Formula,10,400000,2026-09-29,6.0,12.0,18.0
ASAI3,10.2,14.32,2.18,0.178,0.0102,0.296,7.32,2.08,-0.6,3.85,3.02,"18,05%",0.0858,0.0124,1.12,21.2,0.1521,102078000.0,6346000000.0,1.86,0.13,26.0,972784.2,95371.0,Magic Formula,10,400000,2026-09-29,14.0,15.0,29.0
CURY3,27.59,7.74,5.14,1.384,0.1745,1.354,4.88,5.25,-14.39,5.07,4.96,"39,69%",0.2637,0.2024,1.92,37.7,0.6638,121843000.0,1655020000.0,-0.18,0.33039999999999997,19.7,658490.53,23867.0,Magic Formula,10,400000,2026-09-29,33.0,2.0,35.0
PETR4,48.72,4.71,1.31,1.145,0.0748,0.491,-23.78,2.68,-0.98,4.01,2.92,"50,60%",0.4276,0.2439,0.85,19.7,0.2773,2042190000.0,480950000000.0,0.65,-0.0233,24.9,1055908.56,21673.0,Magic Formula,10,400000,2026-09-29,17.5,19.0,36.5
SEER3,12.95,6.14,1.09,0.727,0.0682,0.496,4.09,3.2,-2.11,3.97,2.78,"59,96%",0.2273,0.1185,1.64,17.0,0.1783,15186600.0,1523700000.0,0.26,0.1007,25.2,906746.0499999999,70019.0,Magic Formula,10,400000,2026-09-29,16.0,27.0,43.0
PSSA3,47.0,8.25,1.88,0.713,0.0638,0.516,3.78,0.86,-4.64,0.45,0.45,"100,00%",0.8262999999999999,0.0872,1.29,79.3,0.2284,82919800.0,16126400000.0,-0.90,0.1434,222.2,767040.0,16320.0,Magic Formula,10,1000000,2026-09-29,2.0,1.0,3.0
WIZC3,7.74,6.24,1.67,0.971,0.0812,0.514,20.86,2.0,-2.85,1.97,1.68,"60,14%",0.4861,0.27190000000000003,1.1,32.8,0.26780000000000004,2540930.0,740937000.0,-0.02,0.1226,50.8,790470.72,102128.0,Magic Formula,10,1000000,2026-09-29,4.0,4.0,8.0
PLPL3,6.68,4.46,1.22,0.384,0.0738,0.315,0.54,1.72,2.06,1.92,1.86,"28,56%",0.22399999999999998,0.0989,3.01,24.3,0.2732,15173600.0,1117620000.0,0.15,0.2865,52.1,642769.64,96223.0,Magic Formula,10,1000000,2026-09-29,3.0,7.5,10.5
LREN3,11.16,7.52,1.08,0.704,0.0825,0.588,2.43,3.06,4.43,2.74,2.03,"61,99%",0.2302,0.0935,1.69,23.5,0.1441,221303000.0,10367800000.0,-0.11,0.061799999999999994,36.5,687522.96,61606.0,Magic Formula,10,1000000,2026-09-29,6.0,9.0,15.0
QUAL3,1.58,17.2,0.34,0.332,0.005699999999999999,0.131,-0.8,0.75,-0.34,2.09,1.47,"87,86%",0.44020000000000004,0.0256,0.58,22.6,0.0196,5234790.0,1334000000.0,0.60,-0.0987,47.8,777334.7200000001,491984.0,Magic Formula,10,1000000,2026-09-29,5.0,11.0,16.0
ASAI3,10.2,14.32,2.18,0.178,0.0102,0.296,7.32,2.08,-0.6,3.85,3.02,"18,05%",0.0858,0.0124,1.12,21.2,0.1521,102078000.0,6346000000.0,1.86,0.13,26.0,974497.7999999999,95539.0,Magic Formula,10,1000000,2026-09-29,13.0,14.0,27.0
CURY3,27.59,7.74,5.14,1.384,0.1745,1.354,4.88,5.25,-14.39,5.07,4.96,"39,69%",0.2637,0.2024,1.92,37.7,0.6638,121843000.0,1655020000.0,-0.18,0.33039999999999997,19.7,722002.71,26169.0,Magic Formula,10,1000000,2026-09-29,31.0,2.0,33.0
PETR4,48.72,4.71,1.31,1.145,0.0748,0.491,-23.78,2.68,-0.98,4.01,2.92,"50,60%",0.4276,0.2439,0.85,19.7,0.2773,2042190000.0,480950000000.0,0.65,-0.0233,24.9,962317.44,19752.0,Magic Formula,10,1000000,2026-09-29,16.5,18.0,34.5
SEER3,12.95,6.14,1.09,0.727,0.0682,0.496,4.09,3.2,-2.11,3.97,2.78,"59,96%",0.2273,0.1185,1.64,17.0,0.1783,15186600.0,1523700000.0,0.26,0.1007,25.2,895699.7,69166.0,Magic Formula,10,1000000,2026-09-29,15.0,26.0,41.0
BHIA3,1.04,-0.08,-0.13,0.035,0.0,0.041,-0.13,0.46,-0.05,2.97,2.03,"31,19%",0.07690000000000001,-0.44420000000000004,0.64,14.8,1.5969,8382220.0,-8270000000.0,-0.69,-0.013500000000000002,33.7,842863.8400000001,810446.0,Magic Formula,10,1000000,2026-09-29,7.0,39.0,46.0
PSSA3,47.0,8.25,1.88,0.713,0.0638,0.516,3.78,0.86,-4.64,0.45,0.45,"100,00%",0.8262999999999999,0.0872,1.29,79.3,0.2284,82919800.0,16126400000.0,-0.90,0.1434,222.2,364438.0,7754.0,Magic Formula,20,400000,2026-09-29,2.0,1.0,3.0
WIZC3,7.74,6.24,1.67,0.971,0.0812,0.514,20.86,2.0,-2.85,1.97,1.68,"60,14%",0.4861,0.27190000000000003,1.1,32.8,0.26780000000000004,2540930.0,740937000.0,-0.02,0.1226,50.8,373176.36,48214.0,Magic Formula,20,400000,2026-09-29,5.0,4.0,9.0
DOTZ3,10.4,4.83,-0.64,0.375,0.0,0.317,2.88,1.34,-0.42,1.94,1.54,"63,62%",0.2808,0.07769999999999999,1.18,28.5,-0.132,878315.0,-217317000.0,-0.29,0.26940000000000003,51.5,519979.2,49998.0,Magic Formula,20,400000,2026-09-29,4.0,5.0,9.0
PLPL3,6.68,4.46,1.22,0.384,0.0738,0.315,0.54,1.72,2.06,1.92,1.86,"28,56%",0.22399999999999998,0.0989,3.01,24.3,0.2732,15173600.0,1117620000.0,0.15,0.2865,52.1,301167.8,45085.0,Magic Formula,20,400000,2026-09-29,3.0,8.5,11.5
LREN3,11.16,7.52,1.08,0.704,0.0825,0.588,2.43,3.06,4.43,2.74,2.03,"61,99%",0.2302,0.0935,1.69,23.5,0.1441,221303000.0,10367800000.0,-0.11,0.061799999999999994,36.5,325559.52,29172.0,Magic Formula,20,400000,2026-09-29,7.0,10.0,17.0
QUAL3,1.58,17.2,0.34,0.332,0.005699999999999999,0.131,-0.8,0.75,-0.34,2.09,1.47,"87,86%",0.44020000000000004,0.0256,0.58,22.6,0.0196,5234790.0,1334000000.0,0.60,-0.0987,47.8,363065.04000000004,229788.0,Magic Formula,20,400000,2026-09-29,6.0,12.0,18.0
ASAI3,10.2,14.32,2.18,0.178,0.0102,0.296,7.32,2.08,-0.6,3.85,3.02,"18,05%",0.0858,0.0124,1.12,21.2,0.1521,102078000.0,6346000000.0,1.86,0.13,26.0,463538.99999999994,45445.0,Magic Formula,20,400000,2026-09-29,14.0,15.0,29.0
CURY3,27.59,7.74,5.14,1.384,0.1745,1.354,4.88,5.25,-14.39,5.07,4.96,"39,69%",0.2637,0.2024,1.92,37.7,0.6638,121843000.0,1655020000.0,-0.18,0.33039999999999997,19.7,342998.88,12432.0,Magic Formula,20,400000,2026-09-29,33.0,2.0,35.0
PETR4,48.72,4.71,1.31,1.145,0.0748,0.491,-23.78,2.68,-0.98,4.01,2.92,"50,60%",0.4276,0.2439,0.85,19.7,0.2773,2042190000.0,480950000000.0,0.65,-0.0233,24.9,442718.64,9087.0,Magic Formula,20,400000,2026-09-29,17.5,19.0,36.5
SEER3,12.95,6.14,1.09,0.727,0.0682,0.496,4.09,3.2,-2.11,3.97,2.78,"59,96%",0.2273,0.1185,1.64,17.0,0.1783,15186600.0,1523700000.0,0.26,0.1007,25.2,423970.05,32739.0,Magic Formula,20,400000,2026-09-29,16.0,27.0,43.0
BHIA3,1.04,-0.08,-0.13,0.035,0.0,0.041,-0.13,0.46,-0.05,2.97,2.03,"31,19%",0.07690000000000001,-0.44420000000000004,0.64,14.8,1.5969,8382220.0,-8270000000.0,-0.69,-0.013500000000000002,33.7,632561.28,608232.0,Magic Formula,20,400000,2026-09-29,8.0,41.5,49.5
CEAB3,9.42,5.16,0.76,0.362,0.0554,0.333,1.72,2.99,-4.03,3.16,2.3,"56,22%",0.12119999999999999,0.0702,1.67,14.9,0.1479,84372600.0,3803110000.0,0.04,0.0855,31.6,361765.68,38404.0,Magic Formula,20,400000,2026-09-29,11.0,39.0,50.0
VTRU3,14.98,2.05,0.56,0.956,0.0017000000000000001,0.339,3.29,2.57,-1.51,3.91,3.09,"66,01%",0.3715,0.4656,2.56,15.1,0.2723,9367640.0,4014380000.0,0.29,0.09029999999999999,25.6,432682.32,28884.0,Magic Formula,20,400000,2026-09-29,15.0,37.0,52.0
LEVE3,34.16,6.64,4.8,0.864,0.08349999999999999,1.199,6.44,4.94,-9.5,6.12,5.39,"27,49%",0.1747,0.1301,1.43,34.4,0.7229000000000001,8205110.0,964164000.0,1.14,0.0858,16.3,405171.75999999995,11861.0,Magic Formula,20,400000,2026-09-29,51.0,3.0,54.0
VLID3,17.33,6.13,0.81,0.683,0.1101,0.466,1.79,3.94,11.56,4.35,3.19,"35,19%",0.17329999999999998,0.1153,2.3,15.7,0.1318,3765510.0,1713420000.0,0.08,-0.0048,23.0,440372.62999999995,25411.0,Magic Formula,20,400000,2026-09-29,23.0,31.0,54.0
POMO4,4.19,4.36,1.24,0.575,0.2205,0.534,1.83,3.84,13.97,5.17,4.61,"24,50%",0.1497,0.1326,1.94,18.4,0.2832,70844500.0,4240170000.0,0.43,0.2236,19.3,299832.21,71559.0,Magic Formula,20,400000,2026-09-29,34.0,21.0,55.0
CSED3,4.87,5.73,1.06,0.607,0.09970000000000001,0.369,4.44,3.15,-0.93,4.02,2.7,"51,28%",0.1925,0.1059,1.49,14.9,0.185,1754830.0,1675800000.0,0.29,0.1107,24.9,430800.2,88460.0,Magic Formula,20,400000,2026-09-29,17.5,39.0,56.5
VALE3,71.16,30.46,1.61,1.449,0.0788,0.684,21.48,4.36,-1.87,5.3,4.25,"34,92%",0.33240000000000003,0.039900000000000005,1.19,18.1,0.0527,1508950000.0,196635000000.0,0.35,-0.024,18.9,63118.92,887.0,Magic Formula,20,400000,2026-09-29,35.0,22.0,57.0
BEEF3,4.01,8.75,2.54,0.07,0.048799999999999996,0.086,0.45,1.06,-0.27,4.84,3.82,"16,83%",0.0663,0.0085,1.43,16.6,0.2904,73212100.0,1579090000.0,9.10,0.183,20.7,414020.47,103247.0,Magic Formula,20,400000,2026-09-29,29.0,29.0,58.0
PCAR3,2.91,-0.67,3.5,0.078,0.0,0.092,-0.35,0.86,-0.13,3.06,1.84,"28,97%",0.0911,-0.11599999999999999,0.52,12.9,-5.2029,14583500.0,409000000.0,8.95,-0.0766,32.7,374240.55000000005,128605.0,Magic Formula,20,400000,2026-09-29,10.0,49.0,59.0
PSSA3,47.0,8.25,1.88,0.713,0.0638,0.516,3.78,0.86,-4.64,0.45,0.45,"100,00%",0.8262999999999999,0.0872,1.29,79.3,0.2284,82919800.0,16126400000.0,-0.90,0.1434,222.2,370548.0,7884.0,Magic Formula,20,1000000,2026-09-29,2.0,1.0,3.0
WIZC3,7.74,6.24,1.67,0.971,0.0812,0.514,20.86,2.0,-2.85,1.97,1.68,"60,14%",0.4861,0.27190000000000003,1.1,32.8,0.26780000000000004,2540930.0,740937000.0,-0.02,0.1226,50.8,381543.3,49295.0,Magic Formula,20,1000000,2026-09-29,4.0,4.0,8.0
PLPL3,6.68,4.46,1.22,0.384,0.0738,0.315,0.54,1.72,2.06,1.92,1.86,"28,56%",0.22399999999999998,0.0989,3.01,24.3,0.2732,15173600.0,1117620000.0,0.15,0.2865,52.1,312530.48,46786.0,Magic Formula,20,1000000,2026-09-29,3.0,7.5,10.5
LREN3,11.16,7.52,1.08,0.704,0.0825,0.588,2.43,3.06,4.43,2.74,2.03,"61,99%",0.2302,0.0935,1.69,23.5,0.1441,221303000.0,10367800000.0,-0.11,0.061799999999999994,36.5,333003.24,29839.0,Magic Formula,20,1000000,2026-09-29,6.0,9.0,15.0
QUAL3,1.58,17.2,0.34,0.332,0.005699999999999999,0.131,-0.8,0.75,-0.34,2.09,1.47,"87,86%",0.44020000000000004,0.0256,0.58,22.6,0.0196,5234790.0,1334000000.0,0.60,-0.0987,47.8,373135.96,236162.0,Magic Formula,20,1000000,2026-09-29,5.0,11.0,16.0
ASAI3,10.2,14.32,2.18,0.178,0.0102,0.296,7.32,2.08,-0.6,3.85,3.02,"18,05%",0.0858,0.0124,1.12,21.2,0.1521,102078000.0,6346000000.0,1.86,0.13,26.0,473514.6,46423.0,Magic Formula,20,1000000,2026-09-29,13.0,14.0,27.0
CURY3,27.59,7.74,5.14,1.384,0.1745,1.354,4.88,5.25,-14.39,5.07,4.96,"39,69%",0.2637,0.2024,1.92,37.7,0.6638,121843000.0,1655020000.0,-0.18,0.33039999999999997,19.7,353289.95,12805.0,Magic Formula,20,1000000,2026-09-29,31.0,2.0,33.0
PETR4,48.72,4.71,1.31,1.145,0.0748,0.491,-23.78,2.68,-0.98,4.01,2.92,"50,60%",0.4276,0.2439,0.85,19.7,0.2773,2042190000.0,480950000000.0,0.65,-0.0233,24.9,449539.44,9227.0,Magic Formula,20,1000000,2026-09-29,16.5,18.0,34.5
SEER3,12.95,6.14,1.09,0.727,0.0682,0.496,4.09,3.2,-2.11,3.97,2.78,"59,96%",0.2273,0.1185,1.64,17.0,0.1783,15186600.0,1523700000.0,0.26,0.1007,25.2,432685.39999999997,33412.0,Magic Formula,20,1000000,2026-09-29,15.0,26.0,41.0
BHIA3,1.04,-0.08,-0.13,0.035,0.0,0.041,-0.13,0.46,-0.05,2.97,2.03,"31,19%",0.07690000000000001,-0.44420000000000004,0.64,14.8,1.5969,8382220.0,-8270000000.0,-0.69,-0.013500000000000002,33.7,584114.96,561649.0,Magic Formula,20,1000000,2026-09-29,7.0,39.0,46.0
CEAB3,9.42,5.16,0.76,0.362,0.0554,0.333,1.72,2.99,-4.03,3.16,2.3,"56,22%",0.12119999999999999,0.0702,1.67,14.9,0.1479,84372600.0,3803110000.0,0.04,0.0855,31.6,372155.94,39507.0,Magic Formula,20,1000000,2026-09-29,10.0,37.0,47.0
VTRU3,14.98,2.05,0.56,0.956,0.0017000000000000001,0.339,3.29,2.57,-1.51,3.91,3.09,"66,01%",0.3715,0.4656,2.56,15.1,0.2723,9367640.0,4014380000.0,0.29,0.09029999999999999,25.6,472693.9,31555.0,Magic Formula,20,1000000,2026-09-29,14.0,35.0,49.0
LEVE3,34.16,6.64,4.8,0.864,0.08349999999999999,1.199,6.44,4.94,-9.5,6.12,5.39,"27,49%",0.1747,0.1301,1.43,34.4,0.7229000000000001,8205110.0,964164000.0,1.14,0.0858,16.3,412823.6,12085.0,Magic Formula,20,1000000,2026-09-29,46.0,3.0,49.0
VLID3,17.33,6.13,0.81,0.683,0.1101,0.466,1.79,3.94,11.56,4.35,3.19,"35,19%",0.17329999999999998,0.1153,2.3,15.7,0.1318,3765510.0,1713420000.0,0.08,-0.0048,23.0,386493.66,22302.0,Magic Formula,20,1000000,2026-09-29,21.0,30.0,51.0
POMO4,4.19,4.36,1.24,0.575,0.2205,0.534,1.83,3.84,13.97,5.17,4.61,"24,50%",0.1497,0.1326,1.94,18.4,0.2832,70844500.0,4240170000.0,0.43,0.2236,19.3,338727.98000000004,80842.0,Magic Formula,20,1000000,2026-09-29,32.0,20.0,52.0
CSED3,4.87,5.73,1.06,0.607,0.09970000000000001,0.369,4.44,3.15,-0.93,4.02,2.7,"51,28%",0.1925,0.1059,1.49,14.9,0.185,1754830.0,1675800000.0,0.29,0.1107,24.9,442868.06,90938.0,Magic Formula,20,1000000,2026-09-29,16.5,37.0,53.5
VALE3,71.16,30.46,1.61,1.449,0.0788,0.684,21.48,4.36,-1.87,5.3,4.25,"34,92%",0.33240000000000003,0.039900000000000005,1.19,18.1,0.0527,1508950000.0,196635000000.0,0.35,-0.024,18.9,395720.76,5561.0,Magic Formula,20,1000000,2026-09-29,33.0,21.0,54.0
BEEF3,4.01,8.75,2.54,0.07,0.048799999999999996,0.086,0.45,1.06,-0.27,4.84,3.82,"16,83%",0.0663,0.0085,1.43,16.6,0.2904,73212100.0,1579090000.0,9.10,0.183,20.7,421190.35,105035.0,Magic Formula,20,1000000,2026-09-29,27.0,28.0,55.0
PCAR3,2.91,-0.67,3.5,0.078,0.0,0.092,-0.35,0.86,-0.13,3.06,1.84,"28,97%",0.0911,-0.11599999999999999,0.52,12.9,-5.2029,14583500.0,409000000.0,8.95,-0.0766,32.7,495869.82,170402.0,Magic Formula,20,1000000,2026-09-29,9.0,46.0,55.0
CMIN3,5.05,11.76,3.74,1.577,0.2157,0.81,16.26,5.68,-1.82,5.89,4.59,"46,09%",0.2778,0.1341,1.17,20.3,0.3179,45590000.0,7339410000.0,0.14,0.0823,17.0,694430.5499999999,137511.0,Magic Formula,20,1000000,2026-09-29,38.5,17.0,55.5
PSSA3,47.0,8.25,1.88,0.713,0.0638,0.516,3.78,0.86,-4.64,0.45,0.45,"100,00%",0.8262999999999999,0.0872,1.29,79.3,0.2284,82919800.0,16126400000.0,-0.90,0.1434,222.2,181420.0,3860.0,Magic Formula,30,400000,2026-09-29,2.0,1.0,3.0
WIZC3,7.74,6.24,1.67,0.971,0.0812,0.514,20.86,2.0,-2.85,1.97,1.68,"60,14%",0.4861,0.27190000000000003,1.1,32.8,0.26780000000000004,2540930.0,740937000.0,-0.02,0.1226,50.8,184900.86000000002,23889.0,Magic Formula,30,400000,2026-09-29,5.0,4.0,9.0
DOTZ3,10.4,4.83,-0.64,0.375,0.0,0.317,2.88,1.34,-0.42,1.94,1.54,"63,62%",0.2808,0.07769999999999999,1.18,28.5,-0.132,878315.0,-217317000.0,-0.29,0.26940000000000003,51.5,203288.80000000002,19547.0,Magic Formula,30,400000,2026-09-29,4.0,5.0,9.0
PLPL3,6.68,4.46,1.22,0.384,0.0738,0.315,0.54,1.72,2.06,1.92,1.86,"28,56%",0.22399999999999998,0.0989,3.01,24.3,0.2732,15173600.0,1117620000.0,0.15,0.2865,52.1,152591.24,22843.0,Magic Formula,30,400000,2026-09-29,3.0,8.5,11.5
LREN3,11.16,7.52,1.08,0.704,0.0825,0.588,2.43,3.06,4.43,2.74,2.03,"61,99%",0.2302,0.0935,1.69,23.5,0.1441,221303000.0,10367800000.0,-0.11,0.061799999999999994,36.5,164476.08000000002,14738.0,Magic Formula,30,400000,2026-09-29,7.0,10.0,17.0
QUAL3,1.58,17.2,0.34,0.332,0.005699999999999999,0.131,-0.8,0.75,-0.34,2.09,1.47,"87,86%",0.44020000000000004,0.0256,0.58,22.6,0.0196,5234790.0,1334000000.0,0.60,-0.0987,47.8,184286.46000000002,116637.0,Magic Formula,30,400000,2026-09-29,6.0,12.0,18.0
ASAI3,10.2,14.32,2.18,0.178,0.0102,0.296,7.32,2.08,-0.6,3.85,3.02,"18,05%",0.0858,0.0124,1.12,21.2,0.1521,102078000.0,6346000000.0,1.86,0.13,26.0,227592.59999999998,22313.0,Magic Formula,30,400000,2026-09-29,14.0,15.0,29.0
CURY3,27.59,7.74,5.14,1.384,0.1745,1.354,4.88,5.25,-14.39,5.07,4.96,"39,69%",0.2637,0.2024,1.92,37.7,0.6638,121843000.0,1655020000.0,-0.18,0.33039999999999997,19.7,169209.47,6133.0,Magic Formula,30,400000,2026-09-29,33.0,2.0,35.0
PETR4,48.72,4.71,1.31,1.145,0.0748,0.491,-23.78,2.68,-0.98,4.01,2.92,"50,60%",0.4276,0.2439,0.85,19.7,0.2773,2042190000.0,480950000000.0,0.65,-0.0233,24.9,217924.56,4473.0,Magic Formula,30,400000,2026-09-29,17.5,19.0,36.5
SEER3,12.95,6.14,1.09,0.727,0.0682,0.496,4.09,3.2,-2.11,3.97,2.78,"59,96%",0.2273,0.1185,1.64,17.0,0.1783,15186600.0,1523700000.0,0.26,0.1007,25.2,208106.5,16070.0,Magic Formula,30,400000,2026-09-29,16.0,27.0,43.0
BHIA3,1.04,-0.08,-0.13,0.035,0.0,0.041,-0.13,0.46,-0.05,2.97,2.03,"31,19%",0.07690000000000001,-0.44420000000000004,0.64,14.8,1.5969,8382220.0,-8270000000.0,-0.69,-0.013500000000000002,33.7,254972.64,245166.0,Magic Formula,30,400000,2026-09-29,8.0,41.5,49.5
CEAB3,9.42,5.16,0.76,0.362,0.0554,0.333,1.72,2.99,-4.03,3.16,2.3,"56,22%",0.12119999999999999,0.0702,1.67,14.9,0.1479,84372600.0,3803110000.0,0.04,0.0855,31.6,181071.24,19222.0,Magic Formula,30,400000,2026-09-29,11.0,39.0,50.0
VTRU3,14.98,2.05,0.56,0.956,0.0017000000000000001,0.339,3.29,2.57,-1.51,3.91,3.09,"66,01%",0.3715,0.4656,2.56,15.1,0.2723,9367640.0,4014380000.0,0.29,0.09029999999999999,25.6,216505.94,14453.0,Magic Formula,30,400000,2026-09-29,15.0,37.0,52.0
LEVE3,34.16,6.64,4.8,0.864,0.08349999999999999,1.199,6.44,4.94,-9.5,6.12,5.39,"27,49%",0.1747,0.1301,1.43,34.4,0.7229000000000001,8205110.0,964164000.0,1.14,0.0858,16.3,202022.24,5914.0,Magic Formula,30,400000,2026-09-29,51.0,3.0,54.0
VLID3,17.33,6.13,0.81,0.683,0.1101,0.466,1.79,3.94,11.56,4.35,3.19,"35,19%",0.17329999999999998,0.1153,2.3,15.7,0.1318,3765510.0,1713420000.0,0.08,-0.0048,23.0,188671.71,10887.0,Magic Formula,30,400000,2026-09-29,23.0,31.0,54.0
POMO4,4.19,4.36,1.24,0.575,0.2205,0.534,1.83,3.84,13.97,5.17,4.61,"24,50%",0.1497,0.1326,1.94,18.4,0.2832,70844500.0,4240170000.0,0.43,0.2236,19.3,151816.27000000002,36233.0,Magic Formula,30,400000,2026-09-29,34.0,21.0,55.0
CSED3,4.87,5.73,1.06,0.607,0.09970000000000001,0.369,4.44,3.15,-0.93,4.02,2.7,"51,28%",0.1925,0.1059,1.49,14.9,0.185,1754830.0,1675800000.0,0.29,0.1107,24.9,207924.65,42695.0,Magic Formula,30,400000,2026-09-29,17.5,39.0,56.5
VALE3,71.16,30.46,1.61,1.449,0.0788,0.684,21.48,4.36,-1.87,5.3,4.25,"34,92%",0.33240000000000003,0.039900000000000005,1.19,18.1,0.0527,1508950000.0,196635000000.0,0.35,-0.024,18.9,177401.88,2493.0,Magic Formula,30,400000,2026-09-29,35.0,22.0,57.0
BEEF3,4.01,8.75,2.54,0.07,0.048799999999999996,0.086,0.45,1.06,-0.27,4.84,3.82,"16,83%",0.0663,0.0085,1.43,16.6,0.2904,73212100.0,1579090000.0,9.10,0.183,20.7,205937.56,51356.0,Magic Formula,30,400000,2026-09-29,29.0,29.0,58.0
PCAR3,2.91,-0.67,3.5,0.078,0.0,0.092,-0.35,0.86,-0.13,3.06,1.84,"28,97%",0.0911,-0.11599999999999999,0.52,12.9,-5.2029,14583500.0,409000000.0,8.95,-0.0766,32.7,238247.52000000002,81872.0,Magic Formula,30,400000,2026-09-29,10.0,49.0,59.0
CMIN3,5.05,11.76,3.74,1.577,0.2157,0.81,16.26,5.68,-1.82,5.89,4.59,"46,09%",0.2778,0.1341,1.17,20.3,0.3179,45590000.0,7339410000.0,0.14,0.0823,17.0,43889.549999999996,8691.0,Magic Formula,30,400000,2026-09-29,42.5,18.0,60.5
ANIM3,2.83,7.43,0.47,0.275,0.0275,0.108,1.26,0.91,-0.23,4.24,3.2,"63,39%",0.3031,0.0687,1.49,14.6,0.0636,20203900.0,2417360000.0,1.74,0.0436,23.6,188078.97,66459.0,Magic Formula,30,400000,2026-09-29,21.0,43.0,64.0
PGMN3,3.36,7.41,0.71,0.156,0.0702,0.248,0.98,2.58,-3.29,4.13,2.62,"32,30%",0.0604,0.021,1.78,12.8,0.09609999999999999,21238100.0,3417800000.0,0.43,0.17600000000000002,24.2,162765.12,48442.0,Magic Formula,30,400000,2026-09-29,19.0,50.0,69.0
TEND3,28.52,6.04,2.27,0.73,0.0512,0.493,1.79,4.19,-2.21,4.56,4.18,"32,34%",0.174,0.1158,1.96,14.4,0.3761,101527000.0,1539020000.0,0.20,0.1839,21.9,176253.6,6180.0,Magic Formula,30,400000,2026-09-29,26.0,44.0,70.0
TGMA3,35.63,9.26,2.37,0.938,0.10189999999999999,1.539,5.47,6.94,9.45,7.03,6.39,"18,75%",0.1351,0.1014,2.22,27.0,0.2555,10370600.0,994134000.0,0.03,0.2274,14.2,219623.32,6164.0,Magic Formula,30,400000,2026-09-29,67.0,7.0,74.0
VAMO3,3.85,14.9,1.43,0.759,0.0323,0.207,1.84,1.73,-0.36,5.89,4.16,"49,79%",0.4378,0.051,1.67,15.5,0.09570000000000001,52264400.0,3298470000.0,3.42,0.056900000000000006,17.0,229317.55000000002,59563.0,Magic Formula,30,400000,2026-09-29,42.5,35.0,77.5
UGPA3,37.34,12.05,2.32,0.272,0.0536,0.805,4.53,5.45,-5.04,6.8,5.53,"8,39%",0.0499,0.0236,1.64,21.5,0.1925,352244000.0,17958400000.0,0.57,0.0426,14.7,166909.80000000002,4470.0,Magic Formula,30,400000,2026-09-29,65.0,14.0,79.0
JHSF3,11.36,3.64,1.03,1.917,0.06269999999999999,0.407,2.49,4.0,-2.04,5.02,4.85,"63,24%",0.4788,0.5179,1.73,13.1,0.284,43067700.0,7505840000.0,0.26,0.16870000000000002,19.9,197084.63999999998,17349.0,Magic Formula,30,400000,2026-09-29,32.0,47.0,79.0
MILS3,15.92,8.31,1.98,1.954,0.053200000000000004,0.884,4.1,5.33,-3.89,7.07,4.92,"61,63%",0.3667,0.2354,2.98,20.6,0.23809999999999998,10298300.0,1885980000.0,0.65,0.19879999999999998,14.1,236778.16,14873.0,Magic Formula,30,400000,2026-09-29,68.0,16.5,84.5
TECN3,9.88,4.88,1.18,1.213,0.0429,0.852,1.73,6.13,2.25,6.26,7.05,"55,10%",0.198,0.2488,3.93,15.6,0.2427,539847.0,502364000.0,0.03,0.095,16.0,187354.44,18963.0,Magic Formula,30,400000,2026-09-29,52.5,33.0,85.5
PSSA3,47.0,8.25,1.88,0.713,0.0638,0.516,3.78,0.86,-4.64,0.45,0.45,"100,00%",0.8262999999999999,0.0872,1.29,79.3,0.2284,82919800.0,16126400000.0,-0.90,0.1434,222.2,193499.0,4117.0,Magic Formula,30,1000000,2026-09-29,2.0,1.0,3.0
WIZC3,7.74,6.24,1.67,0.971,0.0812,0.514,20.86,2.0,-2.85,1.97,1.68,"60,14%",0.4861,0.27190000000000003,1.1,32.8,0.26780000000000004,2540930.0,740937000.0,-0.02,0.1226,50.8,195682.68,25282.0,Magic Formula,30,1000000,2026-09-29,4.0,4.0,8.0
PLPL3,6.68,4.46,1.22,0.384,0.0738,0.315,0.54,1.72,2.06,1.92,1.86,"28,56%",0.22399999999999998,0.0989,3.01,24.3,0.2732,15173600.0,1117620000.0,0.15,0.2865,52.1,157046.8,23510.0,Magic Formula,30,1000000,2026-09-29,3.0,7.5,10.5
LREN3,11.16,7.52,1.08,0.704,0.0825,0.588,2.43,3.06,4.43,2.74,2.03,"61,99%",0.2302,0.0935,1.69,23.5,0.1441,221303000.0,10367800000.0,-0.11,0.061799999999999994,36.5,173058.12,15507.0,Magic Formula,30,1000000,2026-09-29,6.0,9.0,15.0
QUAL3,1.58,17.2,0.34,0.332,0.005699999999999999,0.131,-0.8,0.75,-0.34,2.09,1.47,"87,86%",0.44020000000000004,0.0256,0.58,22.6,0.0196,5234790.0,1334000000.0,0.60,-0.0987,47.8,192097.98,121581.0,Magic Formula,30,1000000,2026-09-29,5.0,11.0,16.0
ASAI3,10.2,14.32,2.18,0.178,0.0102,0.296,7.32,2.08,-0.6,3.85,3.02,"18,05%",0.0858,0.0124,1.12,21.2,0.1521,102078000.0,6346000000.0,1.86,0.13,26.0,242127.59999999998,23738.0,Magic Formula,30,1000000,2026-09-29,13.0,14.0,27.0
CURY3,27.59,7.74,5.14,1.384,0.1745,1.354,4.88,5.25,-14.39,5.07,4.96,"39,69%",0.2637,0.2024,1.92,37.7,0.6638,121843000.0,1655020000.0,-0.18,0.33039999999999997,19.7,180190.29,6531.0,Magic Formula,30,1000000,2026-09-29,31.0,2.0,33.0
PETR4,48.72,4.71,1.31,1.145,0.0748,0.491,-23.78,2.68,-0.98,4.01,2.92,"50,60%",0.4276,0.2439,0.85,19.7,0.2773,2042190000.0,480950000000.0,0.65,-0.0233,24.9,231566.16,4753.0,Magic Formula,30,1000000,2026-09-29,16.5,18.0,34.5
SEER3,12.95,6.14,1.09,0.727,0.0682,0.496,4.09,3.2,-2.11,3.97,2.78,"59,96%",0.2273,0.1185,1.64,17.0,0.1783,15186600.0,1523700000.0,0.26,0.1007,25.2,221237.8,17084.0,Magic Formula,30,1000000,2026-09-29,15.0,26.0,41.0
BHIA3,1.04,-0.08,-0.13,0.035,0.0,0.041,-0.13,0.46,-0.05,2.97,2.03,"31,19%",0.07690000000000001,-0.44420000000000004,0.64,14.8,1.5969,8382220.0,-8270000000.0,-0.69,-0.013500000000000002,33.7,279517.68,268767.0,Magic Formula,30,1000000,2026-09-29,7.0,39.0,46.0
CEAB3,9.42,5.16,0.76,0.362,0.0554,0.333,1.72,2.99,-4.03,3.16,2.3,"56,22%",0.12119999999999999,0.0702,1.67,14.9,0.1479,84372600.0,3803110000.0,0.04,0.0855,31.6,188880.42,20051.0,Magic Formula,30,1000000,2026-09-29,10.0,37.0,47.0
VTRU3,14.98,2.05,0.56,0.956,0.0017000000000000001,0.339,3.29,2.57,-1.51,3.91,3.09,"66,01%",0.3715,0.4656,2.56,15.1,0.2723,9367640.0,4014380000.0,0.29,0.09029999999999999,25.6,230092.80000000002,15360.0,Magic Formula,30,1000000,2026-09-29,14.0,35.0,49.0
LEVE3,34.16,6.64,4.8,0.864,0.08349999999999999,1.199,6.44,4.94,-9.5,6.12,5.39,"27,49%",0.1747,0.1301,1.43,34.4,0.7229000000000001,8205110.0,964164000.0,1.14,0.0858,16.3,214490.63999999998,6279.0,Magic Formula,30,1000000,2026-09-29,46.0,3.0,49.0
VLID3,17.33,6.13,0.81,0.683,0.1101,0.466,1.79,3.94,11.56,4.35,3.19,"35,19%",0.17329999999999998,0.1153,2.3,15.7,0.1318,3765510.0,1713420000.0,0.08,-0.0048,23.0,199901.55,11535.0,Magic Formula,30,1000000,2026-09-29,21.0,30.0,51.0
POMO4,4.19,4.36,1.24,0.575,0.2205,0.534,1.83,3.84,13.97,5.17,4.61,"24,50%",0.1497,0.1326,1.94,18.4,0.2832,70844500.0,4240170000.0,0.43,0.2236,19.3,159006.31000000003,37949.0,Magic Formula,30,1000000,2026-09-29,32.0,20.0,52.0
CSED3,4.87,5.73,1.06,0.607,0.09970000000000001,0.369,4.44,3.15,-0.93,4.02,2.7,"51,28%",0.1925,0.1059,1.49,14.9,0.185,1754830.0,1675800000.0,0.29,0.1107,24.9,219641.87,45101.0,Magic Formula,30,1000000,2026-09-29,16.5,37.0,53.5
VALE3,71.16,30.46,1.61,1.449,0.0788,0.684,21.48,4.36,-1.87,5.3,4.25,"34,92%",0.33240000000000003,0.039900000000000005,1.19,18.1,0.0527,1508950000.0,196635000000.0,0.35,-0.024,18.9,188858.63999999998,2654.0,Magic Formula,30,1000000,2026-09-29,33.0,21.0,54.0
BEEF3,4.01,8.75,2.54,0.07,0.048799999999999996,0.086,0.45,1.06,-0.27,4.84,3.82,"16,83%",0.0663,0.0085,1.43,16.6,0.2904,73212100.0,1579090000.0,9.10,0.183,20.7,215946.52,53852.0,Magic Formula,30,1000000,2026-09-29,27.0,28.0,55.0
PCAR3,2.91,-0.67,3.5,0.078,0.0,0.092,-0.35,0.86,-0.13,3.06,1.84,"28,97%",0.0911,-0.11599999999999999,0.52,12.9,-5.2029,14583500.0,409000000.0,8.95,-0.0766,32.7,257110.14,88354.0,Magic Formula,30,1000000,2026-09-29,9.0,46.0,55.0
CMIN3,5.05,11.76,3.74,1.577,0.2157,0.81,16.26,5.68,-1.82,5.89,4.59,"46,09%",0.2778,0.1341,1.17,20.3,0.3179,45590000.0,7339410000.0,0.14,0.0823,17.0,177901.4,35228.0,Magic Formula,30,1000000,2026-09-29,38.5,17.0,55.5
ANIM3,2.83,7.43,0.47,0.275,0.0275,0.108,1.26,0.91,-0.23,4.24,3.2,"63,39%",0.3031,0.0687,1.49,14.6,0.0636,20203900.0,2417360000.0,1.74,0.0436,23.6,194262.52000000002,68644.0,Magic Formula,30,1000000,2026-09-29,19.0,40.0,59.0
TEND3,28.52,6.04,2.27,0.73,0.0512,0.493,1.79,4.19,-2.21,4.56,4.18,"32,34%",0.174,0.1158,1.96,14.4,0.3761,101527000.0,1539020000.0,0.20,0.1839,21.9,117730.56,4128.0,Magic Formula,30,1000000,2026-09-29,24.0,41.0,65.0
PGMN3,3.36,7.41,0.71,0.156,0.0702,0.248,0.98,2.58,-3.29,4.13,2.62,"32,30%",0.0604,0.021,1.78,12.8,0.09609999999999999,21238100.0,3417800000.0,0.43,0.17600000000000002,24.2,169478.4,50440.0,Magic Formula,30,1000000,2026-09-29,18.0,47.0,65.0
TGMA3,35.63,9.26,2.37,0.938,0.10189999999999999,1.539,5.47,6.94,9.45,7.03,6.39,"18,75%",0.1351,0.1014,2.22,27.0,0.2555,10370600.0,994134000.0,0.03,0.2274,14.2,233697.17,6559.0,Magic Formula,30,1000000,2026-09-29,60.0,6.0,66.0
UGPA3,37.34,12.05,2.32,0.272,0.0536,0.805,4.53,5.45,-5.04,6.8,5.53,"8,39%",0.0499,0.0236,1.64,21.5,0.1925,352244000.0,17958400000.0,0.57,0.0426,14.7,162466.34000000003,4351.0,Magic Formula,30,1000000,2026-09-29,58.0,13.0,71.0
VAMO3,3.85,14.9,1.43,0.759,0.0323,0.207,1.84,1.73,-0.36,5.89,4.16,"49,79%",0.4378,0.051,1.67,15.5,0.09570000000000001,52264400.0,3298470000.0,3.42,0.056900000000000006,17.0,242576.95,63007.0,Magic Formula,30,1000000,2026-09-29,38.5,33.0,71.5
JHSF3,11.36,3.64,1.03,1.917,0.06269999999999999,0.407,2.49,4.0,-2.04,5.02,4.85,"63,24%",0.4788,0.5179,1.73,13.1,0.284,43067700.0,7505840000.0,0.26,0.16870000000000002,19.9,174750.88,15383.0,Magic Formula,30,1000000,2026-09-29,30.0,44.0,74.0
MILS3,15.92,8.31,1.98,1.954,0.053200000000000004,0.884,4.1,5.33,-3.89,7.07,4.92,"61,63%",0.3667,0.2354,2.98,20.6,0.23809999999999998,10298300.0,1885980000.0,0.65,0.19879999999999998,14.1,204174.0,12825.0,Magic Formula,30,1000000,2026-09-29,61.0,15.5,76.5
EUCA4,21.62,4.99,0.66,0.633,0.052000000000000005,0.387,1.83,3.8,-12.31,4.71,2.99,"36,28%",0.1664,0.1267,2.22,11.9,0.1328,1464720.0,3020340000.0,0.16,0.058499999999999996,21.2,190364.1,8805.0,Magic Formula,30,1000000,2026-09-29,25.5,54.5,80.0
SAPR11,33.04,21.94,0.83,1.324,0.0167,0.376,3.42,3.93,-1.23,4.94,3.92,"57,51%",0.3371,0.0604,1.86,11.8,0.037599999999999995,48010300.0,12103900000.0,0.21,0.08470000000000001,20.2,264518.24,8006.0,Magic Formula,30,1000000,2026-09-29,28.5,56.0,84.5
PSSA3,47.0,8.25,1.88,0.713,0.0638,0.516,3.78,0.86,-4.64,0.45,0.45,"100,00%",0.8262999999999999,0.0872,1.29,79.3,0.2284,82919800.0,16126400000.0,-0.90,0.1434,222.2,2127925.0,45275.0,ROIC,5,400000,2026-09-29,,,
CURY3,27.59,7.74,5.14,1.384,0.1745,1.354,4.88,5.25,-14.39,5.07,4.96,"39,69%",0.2637,0.2024,1.92,37.7,0.6638,121843000.0,1655020000.0,-0.18,0.33039999999999997,19.7,1980161.89,71771.0,ROIC,5,400000,2026-09-29,,,
LEVE3,34.16,6.64,4.8,0.864,0.08349999999999999,1.199,6.44,4.94,-9.5,6.12,5.39,"27,49%",0.1747,0.1301,1.43,34.4,0.7229000000000001,8205110.0,964164000.0,1.14,0.0858,16.3,2106100.6399999997,61654.0,ROIC,5,400000,2026-09-29,,,
WIZC3,7.74,6.24,1.67,0.971,0.0812,0.514,20.86,2.0,-2.85,1.97,1.68,"60,14%",0.4861,0.27190000000000003,1.1,32.8,0.26780000000000004,2540930.0,740937000.0,-0.02,0.1226,50.8,2174684.58,280967.0,ROIC,5,400000,2026-09-29,,,
DOTZ3,10.4,4.83,-0.64,0.375,0.0,0.317,2.88,1.34,-0.42,1.94,1.54,"63,62%",0.2808,0.07769999999999999,1.18,28.5,-0.132,878315.0,-217317000.0,-0.29,0.26940000000000003,51.5,2751060.0,264525.0,ROIC,5,400000,2026-09-29,,,
PSSA3,47.0,8.25,1.88,0.713,0.0638,0.516,3.78,0.86,-4.64,0.45,0.45,"100,00%",0.8262999999999999,0.0872,1.29,79.3,0.2284,82919800.0,16126400000.0,-0.90,0.1434,222.2,2148088.0,45704.0,ROIC,5,1000000,2026-09-29,,,
CURY3,27.59,7.74,5.14,1.384,0.1745,1.354,4.88,5.25,-14.39,5.07,4.96,"39,69%",0.2637,0.2024,1.92,37.7,0.6638,121843000.0,1655020000.0,-0.18,0.33039999999999997,19.7,1997543.59,72401.0,ROIC,5,1000000,2026-09-29,,,
LEVE3,34.16,6.64,4.8,0.864,0.08349999999999999,1.199,6.44,4.94,-9.5,6.12,5.39,"27,49%",0.1747,0.1301,1.43,34.4,0.7229000000000001,8205110.0,964164000.0,1.14,0.0858,16.3,2126869.92,62262.0,ROIC,5,1000000,2026-09-29,,,
WIZC3,7.74,6.24,1.67,0.971,0.0812,0.514,20.86,2.0,-2.85,1.97,1.68,"60,14%",0.4861,0.27190000000000003,1.1,32.8,0.26780000000000004,2540930.0,740937000.0,-0.02,0.1226,50.8,2195489.7,283655.0,ROIC,5,1000000,2026-09-29,,,
TFCO4,13.1,13.65,3.28,1.788,0.0256,2.029,4.29,8.7,6.47,9.23,8.42,"57,16%",0.20550000000000002,0.1292,3.17,27.1,0.23989999999999997,9122110.0,612804000.0,0.20,0.2146,10.8,2053752.5,156775.0,ROIC,5,1000000,2026-09-29,,,
PSSA3,47.0,8.25,1.88,0.713,0.0638,0.516,3.78,0.86,-4.64,0.45,0.45,"100,00%",0.8262999999999999,0.0872,1.29,79.3,0.2284,82919800.0,16126400000.0,-0.90,0.1434,222.2,987423.0,21009.0,ROIC,10,400000,2026-09-29,,,
CURY3,27.59,7.74,5.14,1.384,0.1745,1.354,4.88,5.25,-14.39,5.07,4.96,"39,69%",0.2637,0.2024,1.92,37.7,0.6638,121843000.0,1655020000.0,-0.18,0.33039999999999997,19.7,918664.23,33297.0,ROIC,10,400000,2026-09-29,,,
LEVE3,34.16,6.64,4.8,0.864,0.08349999999999999,1.199,6.44,4.94,-9.5,6.12,5.39,"27,49%",0.1747,0.1301,1.43,34.4,0.7229000000000001,8205110.0,964164000.0,1.14,0.0858,16.3,1096296.88,32093.0,ROIC,10,400000,2026-09-29,,,
WIZC3,7.74,6.24,1.67,0.971,0.0812,0.514,20.86,2.0,-2.85,1.97,1.68,"60,14%",0.4861,0.27190000000000003,1.1,32.8,0.26780000000000004,2540930.0,740937000.0,-0.02,0.1226,50.8,1008529.74,130301.0,ROIC,10,400000,2026-09-29,,,
DOTZ3,10.4,4.83,-0.64,0.375,0.0,0.317,2.88,1.34,-0.42,1.94,1.54,"63,62%",0.2808,0.07769999999999999,1.18,28.5,-0.132,878315.0,-217317000.0,-0.29,0.26940000000000003,51.5,1186151.2,114053.0,ROIC,10,400000,2026-09-29,,,
TFCO4,13.1,13.65,3.28,1.788,0.0256,2.029,4.29,8.7,6.47,9.23,8.42,"57,16%",0.20550000000000002,0.1292,3.17,27.1,0.23989999999999997,9122110.0,612804000.0,0.20,0.2146,10.8,957610.0,73100.0,ROIC,10,400000,2026-09-29,,,
TGMA3,35.63,9.26,2.37,0.938,0.10189999999999999,1.539,5.47,6.94,9.45,7.03,6.39,"18,75%",0.1351,0.1014,2.22,27.0,0.2555,10370600.0,994134000.0,0.03,0.2274,14.2,1196312.8800000001,33576.0,ROIC,10,400000,2026-09-29,,,
WEGE3,50.12,33.64,11.15,5.242,0.04,4.508,18.9,25.04,58.76,24.6,21.88,"33,14%",0.20929999999999999,0.1663,1.59,24.3,0.33159999999999995,356993000.0,18861400000.0,-0.20,0.1124,4.1,1145041.52,22846.0,ROIC,10,400000,2026-09-29,,,
PLPL3,6.68,4.46,1.22,0.384,0.0738,0.315,0.54,1.72,2.06,1.92,1.86,"28,56%",0.22399999999999998,0.0989,3.01,24.3,0.2732,15173600.0,1117620000.0,0.15,0.2865,52.1,815233.88,122041.0,ROIC,10,400000,2026-09-29,,,
LREN3,11.16,7.52,1.08,0.704,0.0825,0.588,2.43,3.06,4.43,2.74,2.03,"61,99%",0.2302,0.0935,1.69,23.5,0.1441,221303000.0,10367800000.0,-0.11,0.061799999999999994,36.5,169899.84,15224.0,ROIC,10,400000,2026-09-29,,,
PSSA3,47.0,8.25,1.88,0.713,0.0638,0.516,3.78,0.86,-4.64,0.45,0.45,"100,00%",0.8262999999999999,0.0872,1.29,79.3,0.2284,82919800.0,16126400000.0,-0.90,0.1434,222.2,1065255.0,22665.0,ROIC,10,1000000,2026-09-29,,,
CURY3,27.59,7.74,5.14,1.384,0.1745,1.354,4.88,5.25,-14.39,5.07,4.96,"39,69%",0.2637,0.2024,1.92,37.7,0.6638,121843000.0,1655020000.0,-0.18,0.33039999999999997,19.7,990232.69,35891.0,ROIC,10,1000000,2026-09-29,,,
LEVE3,34.16,6.64,4.8,0.864,0.08349999999999999,1.199,6.44,4.94,-9.5,6.12,5.39,"27,49%",0.1747,0.1301,1.43,34.4,0.7229000000000001,8205110.0,964164000.0,1.14,0.0858,16.3,1180091.3599999999,34546.0,ROIC,10,1000000,2026-09-29,,,
WIZC3,7.74,6.24,1.67,0.971,0.0812,0.514,20.86,2.0,-2.85,1.97,1.68,"60,14%",0.4861,0.27190000000000003,1.1,32.8,0.26780000000000004,2540930.0,740937000.0,-0.02,0.1226,50.8,1088197.56,140594.0,ROIC,10,1000000,2026-09-29,,,
TFCO4,13.1,13.65,3.28,1.788,0.0256,2.029,4.29,8.7,6.47,9.23,8.42,"57,16%",0.20550000000000002,0.1292,3.17,27.1,0.23989999999999997,9122110.0,612804000.0,0.20,0.2146,10.8,1030446.0,78660.0,ROIC,10,1000000,2026-09-29,,,
TGMA3,35.63,9.26,2.37,0.938,0.10189999999999999,1.539,5.47,6.94,9.45,7.03,6.39,"18,75%",0.1351,0.1014,2.22,27.0,0.2555,10370600.0,994134000.0,0.03,0.2274,14.2,1287062.49,36123.0,ROIC,10,1000000,2026-09-29,,,
WEGE3,50.12,33.64,11.15,5.242,0.04,4.508,18.9,25.04,58.76,24.6,21.88,"33,14%",0.20929999999999999,0.1663,1.59,24.3,0.33159999999999995,356993000.0,18861400000.0,-0.20,0.1124,4.1,1236761.1199999999,24676.0,ROIC,10,1000000,2026-09-29,,,
PLPL3,6.68,4.46,1.22,0.384,0.0738,0.315,0.54,1.72,2.06,1.92,1.86,"28,56%",0.22399999999999998,0.0989,3.01,24.3,0.2732,15173600.0,1117620000.0,0.15,0.2865,52.1,878079.32,131449.0,ROIC,10,1000000,2026-09-29,,,
LREN3,11.16,7.52,1.08,0.704,0.0825,0.588,2.43,3.06,4.43,2.74,2.03,"61,99%",0.2302,0.0935,1.69,23.5,0.1441,221303000.0,10367800000.0,-0.11,0.061799999999999994,36.5,838740.96,75156.0,ROIC,10,1000000,2026-09-29,,,
TOTS3,33.98,13.81,3.61,3.058,0.0207,1.515,12.41,7.94,-4.85,9.16,7.89,"71,07%",0.3849,0.2245,1.84,23.4,0.2612,148223000.0,5457910000.0,0.55,0.1564,10.9,1139995.0199999998,33549.0,ROIC,10,1000000,2026-09-29,,,
PSSA3,47.0,8.25,1.88,0.713,0.0638,0.516,3.78,0.86,-4.64,0.45,0.45,"100,00%",0.8262999999999999,0.0872,1.29,79.3,0.2284,82919800.0,16126400000.0,-0.90,0.1434,222.2,484664.0,10312.0,ROIC,20,400000,2026-09-29,,,
CURY3,27.59,7.74,5.14,1.384,0.1745,1.354,4.88,5.25,-14.39,5.07,4.96,"39,69%",0.2637,0.2024,1.92,37.7,0.6638,121843000.0,1655020000.0,-0.18,0.33039999999999997,19.7,450186.02999999997,16317.0,ROIC,20,400000,2026-09-29,,,
LEVE3,34.16,6.64,4.8,0.864,0.08349999999999999,1.199,6.44,4.94,-9.5,6.12,5.39,"27,49%",0.1747,0.1301,1.43,34.4,0.7229000000000001,8205110.0,964164000.0,1.14,0.0858,16.3,538122.48,15753.0,ROIC,20,400000,2026-09-29,,,
WIZC3,7.74,6.24,1.67,0.971,0.0812,0.514,20.86,2.0,-2.85,1.97,1.68,"60,14%",0.4861,0.27190000000000003,1.1,32.8,0.26780000000000004,2540930.0,740937000.0,-0.02,0.1226,50.8,495282.60000000003,63990.0,ROIC,20,400000,2026-09-29,,,
DOTZ3,10.4,4.83,-0.64,0.375,0.0,0.317,2.88,1.34,-0.42,1.94,1.54,"63,62%",0.2808,0.07769999999999999,1.18,28.5,-0.132,878315.0,-217317000.0,-0.29,0.26940000000000003,51.5,639080.0,61450.0,ROIC,20,400000,2026-09-29,,,
TFCO4,13.1,13.65,3.28,1.788,0.0256,2.029,4.29,8.7,6.47,9.23,8.42,"57,16%",0.20550000000000002,0.1292,3.17,27.1,0.23989999999999997,9122110.0,612804000.0,0.20,0.2146,10.8,469988.7,35877.0,ROIC,20,400000,2026-09-29,,,
TGMA3,35.63,9.26,2.37,0.938,0.10189999999999999,1.539,5.47,6.94,9.45,7.03,6.39,"18,75%",0.1351,0.1014,2.22,27.0,0.2555,10370600.0,994134000.0,0.03,0.2274,14.2,586719.2100000001,16467.0,ROIC,20,400000,2026-09-29,,,
WEGE3,50.12,33.64,11.15,5.242,0.04,4.508,18.9,25.04,58.76,24.6,21.88,"33,14%",0.20929999999999999,0.1663,1.59,24.3,0.33159999999999995,356993000.0,18861400000.0,-0.20,0.1124,4.1,561945.44,11212.0,ROIC,20,400000,2026-09-29,,,
PLPL3,6.68,4.46,1.22,0.384,0.0738,0.315,0.54,1.72,2.06,1.92,1.86,"28,56%",0.22399999999999998,0.0989,3.01,24.3,0.2732,15173600.0,1117620000.0,0.15,0.2865,52.1,400098.6,59895.0,ROIC,20,400000,2026-09-29,,,
LREN3,11.16,7.52,1.08,0.704,0.0825,0.588,2.43,3.06,4.43,2.74,2.03,"61,99%",0.2302,0.0935,1.69,23.5,0.1441,221303000.0,10367800000.0,-0.11,0.061799999999999994,36.5,433923.12,38882.0,ROIC,20,400000,2026-09-29,,,
TOTS3,33.98,13.81,3.61,3.058,0.0207,1.515,12.41,7.94,-4.85,9.16,7.89,"71,07%",0.3849,0.2245,1.84,23.4,0.2612,148223000.0,5457910000.0,0.55,0.1564,10.9,563626.2599999999,16587.0,ROIC,20,400000,2026-09-29,,,
QUAL3,1.58,17.2,0.34,0.332,0.005699999999999999,0.131,-0.8,0.75,-0.34,2.09,1.47,"87,86%",0.44020000000000004,0.0256,0.58,22.6,0.0196,5234790.0,1334000000.0,0.60,-0.0987,47.8,484112.0,306400.0,ROIC,20,400000,2026-09-29,,,
B3SA3,17.66,16.72,4.76,7.426,0.0521,1.821,9.79,12.52,-7.98,12.3,11.67,"89,80%",0.5932,0.4443,1.92,22.2,0.2849,642047000.0,18705000000.0,-0.08,0.0397,8.1,567027.28,32108.0,ROIC,20,400000,2026-09-29,,,
UGPA3,37.34,12.05,2.32,0.272,0.0536,0.805,4.53,5.45,-5.04,6.8,5.53,"8,39%",0.0499,0.0236,1.64,21.5,0.1925,352244000.0,17958400000.0,0.57,0.0426,14.7,511744.70000000007,13705.0,ROIC,20,400000,2026-09-29,,,
ASAI3,10.2,14.32,2.18,0.178,0.0102,0.296,7.32,2.08,-0.6,3.85,3.02,"18,05%",0.0858,0.0124,1.12,21.2,0.1521,102078000.0,6346000000.0,1.86,0.13,26.0,613193.3999999999,60117.0,ROIC,20,400000,2026-09-29,,,
ABEV3,15.2,14.49,2.67,2.666,0.0567,1.703,276.03,11.38,-26.62,10.63,8.19,"51,90%",0.23440000000000003,0.1898,1.02,20.6,0.184,437862000.0,88313200000.0,-0.17,0.038599999999999995,9.4,509260.8,33504.0,ROIC,20,400000,2026-09-29,,,
MILS3,15.92,8.31,1.98,1.954,0.053200000000000004,0.884,4.1,5.33,-3.89,7.07,4.92,"61,63%",0.3667,0.2354,2.98,20.6,0.23809999999999998,10298300.0,1885980000.0,0.65,0.19879999999999998,14.1,567229.6,35630.0,ROIC,20,400000,2026-09-29,,,
CMIN3,5.05,11.76,3.74,1.577,0.2157,0.81,16.26,5.68,-1.82,5.89,4.59,"46,09%",0.2778,0.1341,1.17,20.3,0.3179,45590000.0,7339410000.0,0.14,0.0823,17.0,529699.5499999999,104891.0,ROIC,20,400000,2026-09-29,,,
PETR4,48.72,4.71,1.31,1.145,0.0748,0.491,-23.78,2.68,-0.98,4.01,2.92,"50,60%",0.4276,0.2439,0.85,19.7,0.2773,2042190000.0,480950000000.0,0.65,-0.0233,24.9,527491.44,10827.0,ROIC,20,400000,2026-09-29,,,
MULT3,30.27,11.21,2.3,4.865,0.028999999999999998,1.176,20.64,6.66,-3.43,8.61,8.14,"82,72%",0.7301000000000001,0.43420000000000003,1.64,18.7,0.2052,127116000.0,6755750000.0,0.67,0.1889,11.6,87117.06,2878.0,ROIC,20,400000,2026-09-29,,,
PSSA3,47.0,8.25,1.88,0.713,0.0638,0.516,3.78,0.86,-4.64,0.45,0.45,"100,00%",0.8262999999999999,0.0872,1.29,79.3,0.2284,82919800.0,16126400000.0,-0.90,0.1434,222.2,527951.0,11233.0,ROIC,20,1000000,2026-09-29,,,
CURY3,27.59,7.74,5.14,1.384,0.1745,1.354,4.88,5.25,-14.39,5.07,4.96,"39,69%",0.2637,0.2024,1.92,37.7,0.6638,121843000.0,1655020000.0,-0.18,0.33039999999999997,19.7,490246.71,17769.0,ROIC,20,1000000,2026-09-29,,,
LEVE3,34.16,6.64,4.8,0.864,0.08349999999999999,1.199,6.44,4.94,-9.5,6.12,5.39,"27,49%",0.1747,0.1301,1.43,34.4,0.7229000000000001,8205110.0,964164000.0,1.14,0.0858,16.3,585331.6,17135.0,ROIC,20,1000000,2026-09-29,,,
WIZC3,7.74,6.24,1.67,0.971,0.0812,0.514,20.86,2.0,-2.85,1.97,1.68,"60,14%",0.4861,0.27190000000000003,1.1,32.8,0.26780000000000004,2540930.0,740937000.0,-0.02,0.1226,50.8,539903.7000000001,69755.0,ROIC,20,1000000,2026-09-29,,,
TFCO4,13.1,13.65,3.28,1.788,0.0256,2.029,4.29,8.7,6.47,9.23,8.42,"57,16%",0.20550000000000002,0.1292,3.17,27.1,0.23989999999999997,9122110.0,612804000.0,0.20,0.2146,10.8,510755.89999999997,38989.0,ROIC,20,1000000,2026-09-29,,,
TGMA3,35.63,9.26,2.37,0.938,0.10189999999999999,1.539,5.47,6.94,9.45,7.03,6.39,"18,75%",0.1351,0.1014,2.22,27.0,0.2555,10370600.0,994134000.0,0.03,0.2274,14.2,637349.4400000001,17888.0,ROIC,20,1000000,2026-09-29,,,
WEGE3,50.12,33.64,11.15,5.242,0.04,4.508,18.9,25.04,58.76,24.6,21.88,"33,14%",0.20929999999999999,0.1663,1.59,24.3,0.33159999999999995,356993000.0,18861400000.0,-0.20,0.1124,4.1,612917.48,12229.0,ROIC,20,1000000,2026-09-29,,,
PLPL3,6.68,4.46,1.22,0.384,0.0738,0.315,0.54,1.72,2.06,1.92,1.86,"28,56%",0.22399999999999998,0.0989,3.01,24.3,0.2732,15173600.0,1117620000.0,0.15,0.2865,52.1,436063.72,65279.0,ROIC,20,1000000,2026-09-29,,,
LREN3,11.16,7.52,1.08,0.704,0.0825,0.588,2.43,3.06,4.43,2.74,2.03,"61,99%",0.2302,0.0935,1.69,23.5,0.1441,221303000.0,10367800000.0,-0.11,0.061799999999999994,36.5,470561.4,42165.0,ROIC,20,1000000,2026-09-29,,,
TOTS3,33.98,13.81,3.61,3.058,0.0207,1.515,12.41,7.94,-4.85,9.16,7.89,"71,07%",0.3849,0.2245,1.84,23.4,0.2612,148223000.0,5457910000.0,0.55,0.1564,10.9,612829.2999999999,18035.0,ROIC,20,1000000,2026-09-29,,,
QUAL3,1.58,17.2,0.34,0.332,0.005699999999999999,0.131,-0.8,0.75,-0.34,2.09,1.47,"87,86%",0.44020000000000004,0.0256,0.58,22.6,0.0196,5234790.0,1334000000.0,0.60,-0.0987,47.8,526339.0800000001,333126.0,ROIC,20,1000000,2026-09-29,,,
B3SA3,17.66,16.72,4.76,7.426,0.0521,1.821,9.79,12.52,-7.98,12.3,11.67,"89,80%",0.5932,0.4443,1.92,22.2,0.2849,642047000.0,18705000000.0,-0.08,0.0397,8.1,617393.6,34960.0,ROIC,20,1000000,2026-09-29,,,
UGPA3,37.34,12.05,2.32,0.272,0.0536,0.805,4.53,5.45,-5.04,6.8,5.53,"8,39%",0.0499,0.0236,1.64,21.5,0.1925,352244000.0,17958400000.0,0.57,0.0426,14.7,589785.3,15795.0,ROIC,20,1000000,2026-09-29,,,
ASAI3,10.2,14.32,2.18,0.178,0.0102,0.296,7.32,2.08,-0.6,3.85,3.02,"18,05%",0.0858,0.0124,1.12,21.2,0.1521,102078000.0,6346000000.0,1.86,0.13,26.0,667447.2,65436.0,ROIC,20,1000000,2026-09-29,,,
ABEV3,15.2,14.49,2.67,2.666,0.0567,1.703,276.03,11.38,-26.62,10.63,8.19,"51,90%",0.23440000000000003,0.1898,1.02,20.6,0.184,437862000.0,88313200000.0,-0.17,0.038599999999999995,9.4,552307.2,36336.0,ROIC,20,1000000,2026-09-29,,,
MILS3,15.92,8.31,1.98,1.954,0.053200000000000004,0.884,4.1,5.33,-3.89,7.07,4.92,"61,63%",0.3667,0.2354,2.98,20.6,0.23809999999999998,10298300.0,1885980000.0,0.65,0.19879999999999998,14.1,615944.8,38690.0,ROIC,20,1000000,2026-09-29,,,
CMIN3,5.05,11.76,3.74,1.577,0.2157,0.81,16.26,5.68,-1.82,5.89,4.59,"46,09%",0.2778,0.1341,1.17,20.3,0.3179,45590000.0,7339410000.0,0.14,0.0823,17.0,577982.6,114452.0,ROIC,20,1000000,2026-09-29,,,
PETR4,48.72,4.71,1.31,1.145,0.0748,0.491,-23.78,2.68,-0.98,4.01,2.92,"50,60%",0.4276,0.2439,0.85,19.7,0.2773,2042190000.0,480950000000.0,0.65,-0.0233,24.9,608366.64,12487.0,ROIC,20,1000000,2026-09-29,,,
MULT3,30.27,11.21,2.3,4.865,0.028999999999999998,1.176,20.64,6.66,-3.43,8.61,8.14,"82,72%",0.7301000000000001,0.43420000000000003,1.64,18.7,0.2052,127116000.0,6755750000.0,0.67,0.1889,11.6,514438.64999999997,16995.0,ROIC,20,1000000,2026-09-29,,,
POMO4,4.19,4.36,1.24,0.575,0.2205,0.534,1.83,3.84,13.97,5.17,4.61,"24,50%",0.1497,0.1326,1.94,18.4,0.2832,70844500.0,4240170000.0,0.43,0.2236,19.3,435764.19000000006,104001.0,ROIC,20,1000000,2026-09-29,,,
PSSA3,47.0,8.25,1.88,0.713,0.0638,0.516,3.78,0.86,-4.64,0.45,0.45,"100,00%",0.8262999999999999,0.0872,1.29,79.3,0.2284,82919800.0,16126400000.0,-0.90,0.1434,222.2,307850.0,6550.0,ROIC,30,400000,2026-09-29,,,
CURY3,27.59,7.74,5.14,1.384,0.1745,1.354,4.88,5.25,-14.39,5.07,4.96,"39,69%",0.2637,0.2024,1.92,37.7,0.6638,121843000.0,1655020000.0,-0.18,0.33039999999999997,19.7,286411.79,10381.0,ROIC,30,400000,2026-09-29,,,
LEVE3,34.16,6.64,4.8,0.864,0.08349999999999999,1.199,6.44,4.94,-9.5,6.12,5.39,"27,49%",0.1747,0.1301,1.43,34.4,0.7229000000000001,8205110.0,964164000.0,1.14,0.0858,16.3,342078.24,10014.0,ROIC,30,400000,2026-09-29,,,
WIZC3,7.74,6.24,1.67,0.971,0.0812,0.514,20.86,2.0,-2.85,1.97,1.68,"60,14%",0.4861,0.27190000000000003,1.1,32.8,0.26780000000000004,2540930.0,740937000.0,-0.02,0.1226,50.8,315056.7,40705.0,ROIC,30,400000,2026-09-29,,,
DOTZ3,10.4,4.83,-0.64,0.375,0.0,0.317,2.88,1.34,-0.42,1.94,1.54,"63,62%",0.2808,0.07769999999999999,1.18,28.5,-0.132,878315.0,-217317000.0,-0.29,0.26940000000000003,51.5,244972.0,23555.0,ROIC,30,400000,2026-09-29,,,
TFCO4,13.1,13.65,3.28,1.788,0.0256,2.029,4.29,8.7,6.47,9.23,8.42,"57,16%",0.20550000000000002,0.1292,3.17,27.1,0.23989999999999997,9122110.0,612804000.0,0.20,0.2146,10.8,299282.6,22846.0,ROIC,30,400000,2026-09-29,,,
TGMA3,35.63,9.26,2.37,0.938,0.10189999999999999,1.539,5.47,6.94,9.45,7.03,6.39,"18,75%",0.1351,0.1014,2.22,27.0,0.2555,10370600.0,994134000.0,0.03,0.2274,14.2,372761.06,10462.0,ROIC,30,400000,2026-09-29,,,
WEGE3,50.12,33.64,11.15,5.242,0.04,4.508,18.9,25.04,58.76,24.6,21.88,"33,14%",0.20929999999999999,0.1663,1.59,24.3,0.33159999999999995,356993000.0,18861400000.0,-0.20,0.1124,4.1,356603.8,7115.0,ROIC,30,400000,2026-09-29,,,
PLPL3,6.68,4.46,1.22,0.384,0.0738,0.315,0.54,1.72,2.06,1.92,1.86,"28,56%",0.22399999999999998,0.0989,3.01,24.3,0.2732,15173600.0,1117620000.0,0.15,0.2865,52.1,255169.31999999998,38199.0,ROIC,30,400000,2026-09-29,,,
LREN3,11.16,7.52,1.08,0.704,0.0825,0.588,2.43,3.06,4.43,2.74,2.03,"61,99%",0.2302,0.0935,1.69,23.5,0.1441,221303000.0,10367800000.0,-0.11,0.061799999999999994,36.5,276120.72000000003,24742.0,ROIC,30,400000,2026-09-29,,,
TOTS3,33.98,13.81,3.61,3.058,0.0207,1.515,12.41,7.94,-4.85,9.16,7.89,"71,07%",0.3849,0.2245,1.84,23.4,0.2612,148223000.0,5457910000.0,0.55,0.1564,10.9,358455.01999999996,10549.0,ROIC,30,400000,2026-09-29,,,
QUAL3,1.58,17.2,0.34,0.332,0.005699999999999999,0.131,-0.8,0.75,-0.34,2.09,1.47,"87,86%",0.44020000000000004,0.0256,0.58,22.6,0.0196,5234790.0,1334000000.0,0.60,-0.0987,47.8,308520.28,195266.0,ROIC,30,400000,2026-09-29,,,
B3SA3,17.66,16.72,4.76,7.426,0.0521,1.821,9.79,12.52,-7.98,12.3,11.67,"89,80%",0.5932,0.4443,1.92,22.2,0.2849,642047000.0,18705000000.0,-0.08,0.0397,8.1,360369.96,20406.0,ROIC,30,400000,2026-09-29,,,
UGPA3,37.34,12.05,2.32,0.272,0.0536,0.805,4.53,5.45,-5.04,6.8,5.53,"8,39%",0.0499,0.0236,1.64,21.5,0.1925,352244000.0,17958400000.0,0.57,0.0426,14.7,301371.14,8071.0,ROIC,30,400000,2026-09-29,,,
ASAI3,10.2,14.32,2.18,0.178,0.0102,0.296,7.32,2.08,-0.6,3.85,3.02,"18,05%",0.0858,0.0124,1.12,21.2,0.1521,102078000.0,6346000000.0,1.86,0.13,26.0,389405.39999999997,38177.0,ROIC,30,400000,2026-09-29,,,
ABEV3,15.2,14.49,2.67,2.666,0.0567,1.703,276.03,11.38,-26.62,10.63,8.19,"51,90%",0.23440000000000003,0.1898,1.02,20.6,0.184,437862000.0,88313200000.0,-0.17,0.038599999999999995,9.4,323410.39999999997,21277.0,ROIC,30,400000,2026-09-29,,,
MILS3,15.92,8.31,1.98,1.954,0.053200000000000004,0.884,4.1,5.33,-3.89,7.07,4.92,"61,63%",0.3667,0.2354,2.98,20.6,0.23809999999999998,10298300.0,1885980000.0,0.65,0.19879999999999998,14.1,359553.2,22585.0,ROIC,30,400000,2026-09-29,,,
CMIN3,5.05,11.76,3.74,1.577,0.2157,0.81,16.26,5.68,-1.82,5.89,4.59,"46,09%",0.2778,0.1341,1.17,20.3,0.3179,45590000.0,7339410000.0,0.14,0.0823,17.0,335754.3,66486.0,ROIC,30,400000,2026-09-29,,,
PETR4,48.72,4.71,1.31,1.145,0.0748,0.491,-23.78,2.68,-0.98,4.01,2.92,"50,60%",0.4276,0.2439,0.85,19.7,0.2773,2042190000.0,480950000000.0,0.65,-0.0233,24.9,371977.2,7635.0,ROIC,30,400000,2026-09-29,,,
MULT3,30.27,11.21,2.3,4.865,0.028999999999999998,1.176,20.64,6.66,-3.43,8.61,8.14,"82,72%",0.7301000000000001,0.43420000000000003,1.64,18.7,0.2052,127116000.0,6755750000.0,0.67,0.1889,11.6,339568.86,11218.0,ROIC,30,400000,2026-09-29,,,
POMO4,4.19,4.36,1.24,0.575,0.2205,0.534,1.83,3.84,13.97,5.17,4.61,"24,50%",0.1497,0.1326,1.94,18.4,0.2832,70844500.0,4240170000.0,0.43,0.2236,19.3,255028.54000000004,60866.0,ROIC,30,400000,2026-09-29,,,
VALE3,71.16,30.46,1.61,1.449,0.0788,0.684,21.48,4.36,-1.87,5.3,4.25,"34,92%",0.33240000000000003,0.039900000000000005,1.19,18.1,0.0527,1508950000.0,196635000000.0,0.35,-0.024,18.9,300508.68,4223.0,ROIC,30,400000,2026-09-29,,,
ALPA4,14.24,13.87,2.69,2.015,0.126,1.547,6.72,10.67,26.44,11.27,8.84,"52,96%",0.1888,0.1452,1.91,18.0,0.1937,29069700.0,3619460000.0,0.15,0.049699999999999994,8.9,380307.68,26707.0,ROIC,30,400000,2026-09-29,,,
VULC3,13.4,4.58,1.61,1.141,0.2148,1.031,2.46,6.56,3.74,7.45,6.16,"40,95%",0.1739,0.2489,2.96,17.8,0.3506,27706500.0,2652030000.0,0.22,0.12480000000000001,13.4,303724.4,22666.0,ROIC,30,400000,2026-09-29,,,
INTB3,13.93,7.65,1.38,1.002,0.0907,0.822,1.79,8.33,2.43,7.29,6.01,"31,35%",0.1204,0.13119999999999998,2.64,17.5,0.1807,18965800.0,3302550000.0,-0.17,0.0591,13.7,266188.37,19109.0,ROIC,30,400000,2026-09-29,,,
VIVA3,22.26,8.97,1.65,1.665,0.0313,1.077,2.19,7.01,3.61,7.14,5.93,"70,60%",0.2376,0.1856,4.19,17.3,0.184,66174600.0,3184290000.0,0.03,0.15560000000000002,14.0,321901.86000000004,14461.0,ROIC,30,400000,2026-09-29,,,
SEER3,12.95,6.14,1.09,0.727,0.0682,0.496,4.09,3.2,-2.11,3.97,2.78,"59,96%",0.2273,0.1185,1.64,17.0,0.1783,15186600.0,1523700000.0,0.26,0.1007,25.2,356306.3,27514.0,ROIC,30,400000,2026-09-29,,,
RADL3,17.67,23.07,4.25,0.688,0.024900000000000002,1.247,7.52,10.41,-9.44,11.35,6.66,"31,05%",0.0661,0.0297,1.41,16.7,0.1841,195234000.0,7290780000.0,0.38,0.1416,8.8,299011.74000000005,16922.0,ROIC,30,400000,2026-09-29,,,
BEEF3,4.01,8.75,2.54,0.07,0.048799999999999996,0.086,0.45,1.06,-0.27,4.84,3.82,"16,83%",0.0663,0.0085,1.43,16.6,0.2904,73212100.0,1579090000.0,9.10,0.183,20.7,349451.44999999995,87145.0,ROIC,30,400000,2026-09-29,,,
VBBR3,38.06,9.02,1.94,0.224,0.0506,0.693,3.22,5.45,-3.25,7.38,6.45,"6,45%",0.041100000000000005,0.0248,2.01,16.1,0.21489999999999998,359055000.0,23532000000.0,0.69,0.054400000000000004,13.6,58954.94,1549.0,ROIC,30,400000,2026-09-29,,,
PSSA3,47.0,8.25,1.88,0.713,0.0638,0.516,3.78,0.86,-4.64,0.45,0.45,"100,00%",0.8262999999999999,0.0872,1.29,79.3,0.2284,82919800.0,16126400000.0,-0.90,0.1434,222.2,336144.0,7152.0,ROIC,30,1000000,2026-09-29,,,
CURY3,27.59,7.74,5.14,1.384,0.1745,1.354,4.88,5.25,-14.39,5.07,4.96,"39,69%",0.2637,0.2024,1.92,37.7,0.6638,121843000.0,1655020000.0,-0.18,0.33039999999999997,19.7,312815.42,11338.0,ROIC,30,1000000,2026-09-29,,,
LEVE3,34.16,6.64,4.8,0.864,0.08349999999999999,1.199,6.44,4.94,-9.5,6.12,5.39,"27,49%",0.1747,0.1301,1.43,34.4,0.7229000000000001,8205110.0,964164000.0,1.14,0.0858,16.3,373437.11999999994,10932.0,ROIC,30,1000000,2026-09-29,,,
WIZC3,7.74,6.24,1.67,0.971,0.0812,0.514,20.86,2.0,-2.85,1.97,1.68,"60,14%",0.4861,0.27190000000000003,1.1,32.8,0.26780000000000004,2540930.0,740937000.0,-0.02,0.1226,50.8,344445.48,44502.0,ROIC,30,1000000,2026-09-29,,,
TFCO4,13.1,13.65,3.28,1.788,0.0256,2.029,4.29,8.7,6.47,9.23,8.42,"57,16%",0.20550000000000002,0.1292,3.17,27.1,0.23989999999999997,9122110.0,612804000.0,0.20,0.2146,10.8,325954.2,24882.0,ROIC,30,1000000,2026-09-29,,,
TGMA3,35.63,9.26,2.37,0.938,0.10189999999999999,1.539,5.47,6.94,9.45,7.03,6.39,"18,75%",0.1351,0.1014,2.22,27.0,0.2555,10370600.0,994134000.0,0.03,0.2274,14.2,406930.23000000004,11421.0,ROIC,30,1000000,2026-09-29,,,
WEGE3,50.12,33.64,11.15,5.242,0.04,4.508,18.9,25.04,58.76,24.6,21.88,"33,14%",0.20929999999999999,0.1663,1.59,24.3,0.33159999999999995,356993000.0,18861400000.0,-0.20,0.1124,4.1,390685.39999999997,7795.0,ROIC,30,1000000,2026-09-29,,,
PLPL3,6.68,4.46,1.22,0.384,0.0738,0.315,0.54,1.72,2.06,1.92,1.86,"28,56%",0.22399999999999998,0.0989,3.01,24.3,0.2732,15173600.0,1117620000.0,0.15,0.2865,52.1,278322.2,41665.0,ROIC,30,1000000,2026-09-29,,,
LREN3,11.16,7.52,1.08,0.704,0.0825,0.588,2.43,3.06,4.43,2.74,2.03,"61,99%",0.2302,0.0935,1.69,23.5,0.1441,221303000.0,10367800000.0,-0.11,0.061799999999999994,36.5,299712.96,26856.0,ROIC,30,1000000,2026-09-29,,,
TOTS3,33.98,13.81,3.61,3.058,0.0207,1.515,12.41,7.94,-4.85,9.16,7.89,"71,07%",0.3849,0.2245,1.84,23.4,0.2612,148223000.0,5457910000.0,0.55,0.1564,10.9,391279.69999999995,11515.0,ROIC,30,1000000,2026-09-29,,,
QUAL3,1.58,17.2,0.34,0.332,0.005699999999999999,0.131,-0.8,0.75,-0.34,2.09,1.47,"87,86%",0.44020000000000004,0.0256,0.58,22.6,0.0196,5234790.0,1334000000.0,0.60,-0.0987,47.8,336145.0,212750.0,ROIC,30,1000000,2026-09-29,,,
B3SA3,17.66,16.72,4.76,7.426,0.0521,1.821,9.79,12.52,-7.98,12.3,11.67,"89,80%",0.5932,0.4443,1.92,22.2,0.2849,642047000.0,18705000000.0,-0.08,0.0397,8.1,393923.96,22306.0,ROIC,30,1000000,2026-09-29,,,
UGPA3,37.34,12.05,2.32,0.272,0.0536,0.805,4.53,5.45,-5.04,6.8,5.53,"8,39%",0.0499,0.0236,1.64,21.5,0.1925,352244000.0,17958400000.0,0.57,0.0426,14.7,386842.4,10360.0,ROIC,30,1000000,2026-09-29,,,
ASAI3,10.2,14.32,2.18,0.178,0.0102,0.296,7.32,2.08,-0.6,3.85,3.02,"18,05%",0.0858,0.0124,1.12,21.2,0.1521,102078000.0,6346000000.0,1.86,0.13,26.0,425156.39999999997,41682.0,ROIC,30,1000000,2026-09-29,,,
ABEV3,15.2,14.49,2.67,2.666,0.0567,1.703,276.03,11.38,-26.62,10.63,8.19,"51,90%",0.23440000000000003,0.1898,1.02,20.6,0.184,437862000.0,88313200000.0,-0.17,0.038599999999999995,9.4,351758.39999999997,23142.0,ROIC,30,1000000,2026-09-29,,,
MILS3,15.92,8.31,1.98,1.954,0.053200000000000004,0.884,4.1,5.33,-3.89,7.07,4.92,"61,63%",0.3667,0.2354,2.98,20.6,0.23809999999999998,10298300.0,1885980000.0,0.65,0.19879999999999998,14.1,391950.4,24620.0,ROIC,30,1000000,2026-09-29,,,
CMIN3,5.05,11.76,3.74,1.577,0.2157,0.81,16.26,5.68,-1.82,5.89,4.59,"46,09%",0.2778,0.1341,1.17,20.3,0.3179,45590000.0,7339410000.0,0.14,0.0823,17.0,368932.8,73056.0,ROIC,30,1000000,2026-09-29,,,
PETR4,48.72,4.71,1.31,1.145,0.0748,0.491,-23.78,2.68,-0.98,4.01,2.92,"50,60%",0.4276,0.2439,0.85,19.7,0.2773,2042190000.0,480950000000.0,0.65,-0.0233,24.9,406763.27999999997,8349.0,ROIC,30,1000000,2026-09-29,,,
MULT3,30.27,11.21,2.3,4.865,0.028999999999999998,1.176,20.64,6.66,-3.43,8.61,8.14,"82,72%",0.7301000000000001,0.43420000000000003,1.64,18.7,0.2052,127116000.0,6755750000.0,0.67,0.1889,11.6,370777.23,12249.0,ROIC,30,1000000,2026-09-29,,,
POMO4,4.19,4.36,1.24,0.575,0.2205,0.534,1.83,3.84,13.97,5.17,4.61,"24,50%",0.1497,0.1326,1.94,18.4,0.2832,70844500.0,4240170000.0,0.43,0.2236,19.3,277009.28,66112.0,ROIC,30,1000000,2026-09-29,,,
VALE3,71.16,30.46,1.61,1.449,0.0788,0.684,21.48,4.36,-1.87,5.3,4.25,"34,92%",0.33240000000000003,0.039900000000000005,1.19,18.1,0.0527,1508950000.0,196635000000.0,0.35,-0.024,18.9,327264.83999999997,4599.0,ROIC,30,1000000,2026-09-29,,,
ALPA4,14.24,13.87,2.69,2.015,0.126,1.547,6.72,10.67,26.44,11.27,8.84,"52,96%",0.1888,0.1452,1.91,18.0,0.1937,29069700.0,3619460000.0,0.15,0.049699999999999994,8.9,414711.52,29123.0,ROIC,30,1000000,2026-09-29,,,
VULC3,13.4,4.58,1.61,1.141,0.2148,1.031,2.46,6.56,3.74,7.45,6.16,"40,95%",0.1739,0.2489,2.96,17.8,0.3506,27706500.0,2652030000.0,0.22,0.12480000000000001,13.4,331194.4,24716.0,ROIC,30,1000000,2026-09-29,,,
INTB3,13.93,7.65,1.38,1.002,0.0907,0.822,1.79,8.33,2.43,7.29,6.01,"31,35%",0.1204,0.13119999999999998,2.64,17.5,0.1807,18965800.0,3302550000.0,-0.17,0.0591,13.7,325126.2,23340.0,ROIC,30,1000000,2026-09-29,,,
VIVA3,22.26,8.97,1.65,1.665,0.0313,1.077,2.19,7.01,3.61,7.14,5.93,"70,60%",0.2376,0.1856,4.19,17.3,0.184,66174600.0,3184290000.0,0.03,0.15560000000000002,14.0,352086.42000000004,15817.0,ROIC,30,1000000,2026-09-29,,,
SEER3,12.95,6.14,1.09,0.727,0.0682,0.496,4.09,3.2,-2.11,3.97,2.78,"59,96%",0.2273,0.1185,1.64,17.0,0.1783,15186600.0,1523700000.0,0.26,0.1007,25.2,389963.35,30113.0,ROIC,30,1000000,2026-09-29,,,
RADL3,17.67,23.07,4.25,0.688,0.024900000000000002,1.247,7.52,10.41,-9.44,11.35,6.66,"31,05%",0.0661,0.0297,1.41,16.7,0.1841,195234000.0,7290780000.0,0.38,0.1416,8.8,328114.23000000004,18569.0,ROIC,30,1000000,2026-09-29,,,
BEEF3,4.01,8.75,2.54,0.07,0.048799999999999996,0.086,0.45,1.06,-0.27,4.84,3.82,"16,83%",0.0663,0.0085,1.43,16.6,0.2904,73212100.0,1579090000.0,9.10,0.183,20.7,381026.19,95019.0,ROIC,30,1000000,2026-09-29,,,
VBBR3,38.06,9.02,1.94,0.224,0.0506,0.693,3.22,5.45,-3.25,7.38,6.45,"6,45%",0.041100000000000005,0.0248,2.01,16.1,0.21489999999999998,359055000.0,23532000000.0,0.69,0.054400000000000004,13.6,375423.84,9864.0,ROIC,30,1000000,2026-09-29,,,
VLID3,17.33,6.13,0.81,0.683,0.1101,0.466,1.79,3.94,11.56,4.35,3.19,"35,19%",0.17329999999999998,0.1153,2.3,15.7,0.1318,3765510.0,1713420000.0,0.08,-0.0048,23.0,345924.12999999995,19961.0,ROIC,30,1000000,2026-09-29,,,
