papel,Cotação,P/L,P/VP,PSR,Div.Yield,P/Ativo,P/Cap.Giro,P/EBIT,P/Ativ Circ.Liq,EV/EBIT,EV/EBITDA,Mrg Ebit,Mrg. Líq.,Liq. Corr.,ROIC,ROE,Liq.2meses,Patrim. Líq,Dív.Brut/ Patrim.,Cresc. Rec.5a,Earnings Yield,Valor,Quantidade,Estratégia,Ativos na Carteira,Volume Mínimo,Data,Ranking_EY,Ranking_ROIC,Magic Formula
IRBR3,42.05,13.23,0.72,0.589,0.0,0.216,0.0,6.88,0.0,0.0,0.0,0.0855,0.044500000000000005,0.0,0.0,0.0546,52550800.0,4785350000.0,0.0,0.0,inf,6144850.6,146132.0,Earnings Yield,5,400000,2025-12-08,,,
PSSA3,34.77,8.44,1.68,0.632,0.0444,0.486,9.14,0.77,-3.85,0.37,0.37,0.8256,0.0759,1.1,84.4,0.1984,88975200.0,13418900000.0,0.0,0.1931,270.3,6137774.250000001,176525.0,Earnings Yield,5,400000,2025-12-08,,,
WIZC3,5.17,4.6,1.38,0.655,0.047599999999999996,0.331,-5.31,1.29,-1.16,1.43,1.19,0.5082,0.2455,0.77,31.4,0.2999,3481030.0,599193000.0,0.57,0.13019999999999998,69.9,6139250.92,1187476.0,Earnings Yield,5,400000,2025-12-08,,,
SYNE3,5.55,1.72,0.54,0.607,1.1804000000000001,0.223,0.79,1.63,-6.14,1.95,1.68,0.3724,0.44920000000000004,11.34,16.7,0.3125,8030100.0,1573570000.0,0.54,0.21710000000000002,51.3,6140675.399999999,1106428.0,Earnings Yield,5,400000,2025-12-08,,,
GOAU4,9.75,6.01,0.52,0.152,0.047,0.12,0.45,1.49,1.47,2.01,1.36,0.1025,0.0753,3.0,9.9,0.087,109989000.0,18902200000.0,0.66,0.1059,49.8,6139155.75,629657.0,Earnings Yield,5,400000,2025-12-08,,,
IRBR3,42.05,13.23,0.72,0.589,0.0,0.216,0.0,6.88,0.0,0.0,0.0,0.0855,0.044500000000000005,0.0,0.0,0.0546,52550800.0,4785350000.0,0.0,0.0,inf,6144850.6,146132.0,Earnings Yield,5,1000000,2025-12-08,,,
PSSA3,34.77,8.44,1.68,0.632,0.0444,0.486,9.14,0.77,-3.85,0.37,0.37,0.8256,0.0759,1.1,84.4,0.1984,88975200.0,13418900000.0,0.0,0.1931,270.3,6137774.250000001,176525.0,Earnings Yield,5,1000000,2025-12-08,,,
WIZC3,5.17,4.6,1.38,0.655,0.047599999999999996,0.331,-5.31,1.29,-1.16,1.43,1.19,0.5082,0.2455,0.77,31.4,0.2999,3481030.0,599193000.0,0.57,0.13019999999999998,69.9,6139250.92,1187476.0,Earnings Yield,5,1000000,2025-12-08,,,
SYNE3,5.55,1.72,0.54,0.607,1.1804000000000001,0.223,0.79,1.63,-6.14,1.95,1.68,0.3724,0.44920000000000004,11.34,16.7,0.3125,8030100.0,1573570000.0,0.54,0.21710000000000002,51.3,6140675.399999999,1106428.0,Earnings Yield,5,1000000,2025-12-08,,,
GOAU4,9.75,6.01,0.52,0.152,0.047,0.12,0.45,1.49,1.47,2.01,1.36,0.1025,0.0753,3.0,9.9,0.087,109989000.0,18902200000.0,0.66,0.1059,49.8,6139155.75,629657.0,Earnings Yield,5,1000000,2025-12-08,,,
IRBR3,42.05,13.23,0.72,0.589,0.0,0.216,0.0,6.88,0.0,0.0,0.0,0.0855,0.044500000000000005,0.0,0.0,0.0546,52550800.0,4785350000.0,0.0,0.0,inf,3072425.3,73066.0,Earnings Yield,10,400000,2025-12-08,,,
PSSA3,34.77,8.44,1.68,0.632,0.0444,0.486,9.14,0.77,-3.85,0.37,0.37,0.8256,0.0759,1.1,84.4,0.1984,88975200.0,13418900000.0,0.0,0.1931,270.3,3074224.3200000003,88416.0,Earnings Yield,10,400000,2025-12-08,,,
WIZC3,5.17,4.6,1.38,0.655,0.047599999999999996,0.331,-5.31,1.29,-1.16,1.43,1.19,0.5082,0.2455,0.77,31.4,0.2999,3481030.0,599193000.0,0.57,0.13019999999999998,69.9,3069625.46,593738.0,Earnings Yield,10,400000,2025-12-08,,,
SYNE3,5.55,1.72,0.54,0.607,1.1804000000000001,0.223,0.79,1.63,-6.14,1.95,1.68,0.3724,0.44920000000000004,11.34,16.7,0.3125,8030100.0,1573570000.0,0.54,0.21710000000000002,51.3,3070337.6999999997,553214.0,Earnings Yield,10,400000,2025-12-08,,,
GOAU4,9.75,6.01,0.52,0.152,0.047,0.12,0.45,1.49,1.47,2.01,1.36,0.1025,0.0753,3.0,9.9,0.087,109989000.0,18902200000.0,0.66,0.1059,49.8,3071074.5,314982.0,Earnings Yield,10,400000,2025-12-08,,,
PCAR3,2.65,-0.81,0.32,0.069,0.0,0.066,-3.1,0.94,-0.13,2.39,1.3,0.0737,-0.085,0.93,9.3,-0.39890000000000003,45123700.0,4026000000.0,1.07,-0.47869999999999996,41.8,3070337.6999999997,1158618.0,Earnings Yield,10,400000,2025-12-08,,,
PLPL3,9.0,5.41,2.18,0.718,0.056100000000000004,0.743,1.11,2.69,3.16,2.53,2.46,0.2671,0.1458,4.42,44.2,0.4032,14071200.0,841408000.0,0.7,0.28059999999999996,39.5,3069693.0,341077.0,Earnings Yield,10,400000,2025-12-08,,,
BRBI11,12.68,6.84,1.57,3.757,0.15380000000000002,0.103,1.76,49.59,1.76,2.72,2.11,0.0758,0.5493,1.06,27.9,0.2299,7258380.0,846571000.0,13.68,-0.5069,36.8,3071387.64,242223.0,Earnings Yield,10,400000,2025-12-08,,,
ALOS3,17.88,12.69,0.7,3.555,0.0888,0.328,2.6,7.71,-1.19,3.07,2.06,0.461,0.32020000000000004,2.23,5.3,0.054900000000000004,110079000.0,13944600000.0,0.0,0.364,32.6,3068440.44,171613.0,Earnings Yield,10,400000,2025-12-08,,,
CEAB3,7.44,6.26,0.72,0.311,0.0463,0.261,2.6,2.75,-1.53,3.09,1.66,0.11289999999999999,0.0496,1.27,14.5,0.1151,73034100.0,3180770000.0,0.45,0.1536,32.4,3069803.52,412608.0,Earnings Yield,10,400000,2025-12-08,,,
IRBR3,42.05,13.23,0.72,0.589,0.0,0.216,0.0,6.88,0.0,0.0,0.0,0.0855,0.044500000000000005,0.0,0.0,0.0546,52550800.0,4785350000.0,0.0,0.0,inf,3072425.3,73066.0,Earnings Yield,10,1000000,2025-12-08,,,
PSSA3,34.77,8.44,1.68,0.632,0.0444,0.486,9.14,0.77,-3.85,0.37,0.37,0.8256,0.0759,1.1,84.4,0.1984,88975200.0,13418900000.0,0.0,0.1931,270.3,3074224.3200000003,88416.0,Earnings Yield,10,1000000,2025-12-08,,,
WIZC3,5.17,4.6,1.38,0.655,0.047599999999999996,0.331,-5.31,1.29,-1.16,1.43,1.19,0.5082,0.2455,0.77,31.4,0.2999,3481030.0,599193000.0,0.57,0.13019999999999998,69.9,3069625.46,593738.0,Earnings Yield,10,1000000,2025-12-08,,,
SYNE3,5.55,1.72,0.54,0.607,1.1804000000000001,0.223,0.79,1.63,-6.14,1.95,1.68,0.3724,0.44920000000000004,11.34,16.7,0.3125,8030100.0,1573570000.0,0.54,0.21710000000000002,51.3,3070337.6999999997,553214.0,Earnings Yield,10,1000000,2025-12-08,,,
GOAU4,9.75,6.01,0.52,0.152,0.047,0.12,0.45,1.49,1.47,2.01,1.36,0.1025,0.0753,3.0,9.9,0.087,109989000.0,18902200000.0,0.66,0.1059,49.8,3071074.5,314982.0,Earnings Yield,10,1000000,2025-12-08,,,
PCAR3,2.65,-0.81,0.32,0.069,0.0,0.066,-3.1,0.94,-0.13,2.39,1.3,0.0737,-0.085,0.93,9.3,-0.39890000000000003,45123700.0,4026000000.0,1.07,-0.47869999999999996,41.8,3070337.6999999997,1158618.0,Earnings Yield,10,1000000,2025-12-08,,,
PLPL3,9.0,5.41,2.18,0.718,0.056100000000000004,0.743,1.11,2.69,3.16,2.53,2.46,0.2671,0.1458,4.42,44.2,0.4032,14071200.0,841408000.0,0.7,0.28059999999999996,39.5,3069693.0,341077.0,Earnings Yield,10,1000000,2025-12-08,,,
BRBI11,12.68,6.84,1.57,3.757,0.15380000000000002,0.103,1.76,49.59,1.76,2.72,2.11,0.0758,0.5493,1.06,27.9,0.2299,7258380.0,846571000.0,13.68,-0.5069,36.8,3071387.64,242223.0,Earnings Yield,10,1000000,2025-12-08,,,
ALOS3,17.88,12.69,0.7,3.555,0.0888,0.328,2.6,7.71,-1.19,3.07,2.06,0.461,0.32020000000000004,2.23,5.3,0.054900000000000004,110079000.0,13944600000.0,0.0,0.364,32.6,3068440.44,171613.0,Earnings Yield,10,1000000,2025-12-08,,,
CEAB3,7.44,6.26,0.72,0.311,0.0463,0.261,2.6,2.75,-1.53,3.09,1.66,0.11289999999999999,0.0496,1.27,14.5,0.1151,73034100.0,3180770000.0,0.45,0.1536,32.4,3069803.52,412608.0,Earnings Yield,10,1000000,2025-12-08,,,
IRBR3,42.05,13.23,0.72,0.589,0.0,0.216,0.0,6.88,0.0,0.0,0.0,0.0855,0.044500000000000005,0.0,0.0,0.0546,52550800.0,4785350000.0,0.0,0.0,inf,1536212.65,36533.0,Earnings Yield,20,400000,2025-12-08,,,
PSSA3,34.77,8.44,1.68,0.632,0.0444,0.486,9.14,0.77,-3.85,0.37,0.37,0.8256,0.0759,1.1,84.4,0.1984,88975200.0,13418900000.0,0.0,0.1931,270.3,1537112.1600000001,44208.0,Earnings Yield,20,400000,2025-12-08,,,
WIZC3,5.17,4.6,1.38,0.655,0.047599999999999996,0.331,-5.31,1.29,-1.16,1.43,1.19,0.5082,0.2455,0.77,31.4,0.2999,3481030.0,599193000.0,0.57,0.13019999999999998,69.9,1534812.73,296869.0,Earnings Yield,20,400000,2025-12-08,,,
SYNE3,5.55,1.72,0.54,0.607,1.1804000000000001,0.223,0.79,1.63,-6.14,1.95,1.68,0.3724,0.44920000000000004,11.34,16.7,0.3125,8030100.0,1573570000.0,0.54,0.21710000000000002,51.3,1535168.8499999999,276607.0,Earnings Yield,20,400000,2025-12-08,,,
GOAU4,9.75,6.01,0.52,0.152,0.047,0.12,0.45,1.49,1.47,2.01,1.36,0.1025,0.0753,3.0,9.9,0.087,109989000.0,18902200000.0,0.66,0.1059,49.8,1535537.25,157491.0,Earnings Yield,20,400000,2025-12-08,,,
PCAR3,2.65,-0.81,0.32,0.069,0.0,0.066,-3.1,0.94,-0.13,2.39,1.3,0.0737,-0.085,0.93,9.3,-0.39890000000000003,45123700.0,4026000000.0,1.07,-0.47869999999999996,41.8,1535168.8499999999,579309.0,Earnings Yield,20,400000,2025-12-08,,,
PLPL3,9.0,5.41,2.18,0.718,0.056100000000000004,0.743,1.11,2.69,3.16,2.53,2.46,0.2671,0.1458,4.42,44.2,0.4032,14071200.0,841408000.0,0.7,0.28059999999999996,39.5,1536228.0,170692.0,Earnings Yield,20,400000,2025-12-08,,,
BRBI11,12.68,6.84,1.57,3.757,0.15380000000000002,0.103,1.76,49.59,1.76,2.72,2.11,0.0758,0.5493,1.06,27.9,0.2299,7258380.0,846571000.0,13.68,-0.5069,36.8,1533747.44,120958.0,Earnings Yield,20,400000,2025-12-08,,,
ALOS3,17.88,12.69,0.7,3.555,0.0888,0.328,2.6,7.71,-1.19,3.07,2.06,0.461,0.32020000000000004,2.23,5.3,0.054900000000000004,110079000.0,13944600000.0,0.0,0.364,32.6,1536964.7999999998,85960.0,Earnings Yield,20,400000,2025-12-08,,,
CEAB3,7.44,6.26,0.72,0.311,0.0463,0.261,2.6,2.75,-1.53,3.09,1.66,0.11289999999999999,0.0496,1.27,14.5,0.1151,73034100.0,3180770000.0,0.45,0.1536,32.4,1534901.76,206304.0,Earnings Yield,20,400000,2025-12-08,,,
PETR4,36.38,5.6,1.21,0.942,0.2164,0.44,-41.05,2.11,-0.92,3.2,2.44,0.4464,0.16899999999999998,0.94,23.2,0.2151,1305330000.0,393655000000.0,0.82,0.16879999999999998,31.2,1530106.4200000002,42059.0,Earnings Yield,20,400000,2025-12-08,,,
QUAL3,1.5,-5.24,0.32,0.265,0.0,0.097,2.2,0.92,-0.31,3.2,1.64,0.2877,-0.0462,1.13,15.4,-0.0617,12605800.0,1316780000.0,1.47,-0.0602,31.2,1534846.5,1023231.0,Earnings Yield,20,400000,2025-12-08,,,
CSED3,3.0,6.79,0.74,0.437,0.054900000000000004,0.227,119.4,2.47,-0.48,3.29,2.06,0.1765,0.0643,1.01,11.0,0.10880000000000001,2311900.0,1480580000.0,0.72,0.1153,30.4,1535307.0,511769.0,Earnings Yield,20,400000,2025-12-08,,,
EVEN3,5.46,9.64,0.59,0.378,0.1654,0.206,0.34,2.41,1.02,3.44,3.39,0.1566,0.1011,3.82,10.3,0.060899999999999996,8617280.0,1860320000.0,0.69,0.12890000000000001,29.1,1535417.52,281212.0,Earnings Yield,20,400000,2025-12-08,,,
MDNE3,10.53,3.72,0.58,0.602,0.0617,0.224,0.77,3.25,-1.53,3.48,3.36,0.18539999999999998,0.16149999999999998,2.71,8.0,0.15460000000000002,10241800.0,1553810000.0,0.31,0.3506,28.7,1535537.25,145825.0,Earnings Yield,20,400000,2025-12-08,,,
VTRU3,6.07,11.76,0.34,0.384,0.0,0.136,3.0,1.09,-0.3,3.59,2.78,0.3517,0.0327,1.43,13.9,0.0292,1112320.0,2370060000.0,1.01,0.12539999999999998,27.9,1535515.76,252968.0,Earnings Yield,20,400000,2025-12-08,,,
VALE3,53.24,5.01,1.16,1.145,0.1005,0.499,-32.3,3.04,-1.25,3.69,3.07,0.37689999999999996,0.22870000000000001,0.91,18.5,0.2314,1310660000.0,208555000000.0,0.37,0.0044,27.1,1536399.9200000002,28858.0,Earnings Yield,20,400000,2025-12-08,,,
HBRE3,2.97,3.11,0.15,1.939,0.0,0.063,1.89,0.71,-0.19,3.76,3.73,2.7264999999999997,1.4675,1.51,9.2,0.049400000000000006,2815390.0,1993010000.0,0.73,0.2444,26.6,1535454.36,516988.0,Earnings Yield,20,400000,2025-12-08,,,
CMIN3,4.88,6.92,2.99,1.558,0.1503,0.777,3.68,4.86,-3.0,3.82,3.16,0.3204,0.2253,1.78,30.6,0.43270000000000003,48253200.0,8945330000.0,0.98,-0.026000000000000002,26.2,1535614.0,314675.0,Earnings Yield,20,400000,2025-12-08,,,
SEER3,4.27,15.82,0.45,0.283,0.0,0.161,4.42,1.84,-0.41,3.84,2.22,0.15439999999999998,0.0179,1.17,9.6,0.028300000000000002,3856480.0,1228580000.0,0.71,0.1197,26.0,1535052.19,359497.0,Earnings Yield,20,400000,2025-12-08,,,
IRBR3,42.05,13.23,0.72,0.589,0.0,0.216,0.0,6.88,0.0,0.0,0.0,0.0855,0.044500000000000005,0.0,0.0,0.0546,52550800.0,4785350000.0,0.0,0.0,inf,1536212.65,36533.0,Earnings Yield,20,1000000,2025-12-08,,,
PSSA3,34.77,8.44,1.68,0.632,0.0444,0.486,9.14,0.77,-3.85,0.37,0.37,0.8256,0.0759,1.1,84.4,0.1984,88975200.0,13418900000.0,0.0,0.1931,270.3,1537112.1600000001,44208.0,Earnings Yield,20,1000000,2025-12-08,,,
WIZC3,5.17,4.6,1.38,0.655,0.047599999999999996,0.331,-5.31,1.29,-1.16,1.43,1.19,0.5082,0.2455,0.77,31.4,0.2999,3481030.0,599193000.0,0.57,0.13019999999999998,69.9,1534812.73,296869.0,Earnings Yield,20,1000000,2025-12-08,,,
SYNE3,5.55,1.72,0.54,0.607,1.1804000000000001,0.223,0.79,1.63,-6.14,1.95,1.68,0.3724,0.44920000000000004,11.34,16.7,0.3125,8030100.0,1573570000.0,0.54,0.21710000000000002,51.3,1535168.8499999999,276607.0,Earnings Yield,20,1000000,2025-12-08,,,
GOAU4,9.75,6.01,0.52,0.152,0.047,0.12,0.45,1.49,1.47,2.01,1.36,0.1025,0.0753,3.0,9.9,0.087,109989000.0,18902200000.0,0.66,0.1059,49.8,1535537.25,157491.0,Earnings Yield,20,1000000,2025-12-08,,,
PCAR3,2.65,-0.81,0.32,0.069,0.0,0.066,-3.1,0.94,-0.13,2.39,1.3,0.0737,-0.085,0.93,9.3,-0.39890000000000003,45123700.0,4026000000.0,1.07,-0.47869999999999996,41.8,1535168.8499999999,579309.0,Earnings Yield,20,1000000,2025-12-08,,,
PLPL3,9.0,5.41,2.18,0.718,0.056100000000000004,0.743,1.11,2.69,3.16,2.53,2.46,0.2671,0.1458,4.42,44.2,0.4032,14071200.0,841408000.0,0.7,0.28059999999999996,39.5,1536228.0,170692.0,Earnings Yield,20,1000000,2025-12-08,,,
BRBI11,12.68,6.84,1.57,3.757,0.15380000000000002,0.103,1.76,49.59,1.76,2.72,2.11,0.0758,0.5493,1.06,27.9,0.2299,7258380.0,846571000.0,13.68,-0.5069,36.8,1533747.44,120958.0,Earnings Yield,20,1000000,2025-12-08,,,
ALOS3,17.88,12.69,0.7,3.555,0.0888,0.328,2.6,7.71,-1.19,3.07,2.06,0.461,0.32020000000000004,2.23,5.3,0.054900000000000004,110079000.0,13944600000.0,0.0,0.364,32.6,1536964.7999999998,85960.0,Earnings Yield,20,1000000,2025-12-08,,,
CEAB3,7.44,6.26,0.72,0.311,0.0463,0.261,2.6,2.75,-1.53,3.09,1.66,0.11289999999999999,0.0496,1.27,14.5,0.1151,73034100.0,3180770000.0,0.45,0.1536,32.4,1534901.76,206304.0,Earnings Yield,20,1000000,2025-12-08,,,
PETR4,36.38,5.6,1.21,0.942,0.2164,0.44,-41.05,2.11,-0.92,3.2,2.44,0.4464,0.16899999999999998,0.94,23.2,0.2151,1305330000.0,393655000000.0,0.82,0.16879999999999998,31.2,1530106.4200000002,42059.0,Earnings Yield,20,1000000,2025-12-08,,,
QUAL3,1.5,-5.24,0.32,0.265,0.0,0.097,2.2,0.92,-0.31,3.2,1.64,0.2877,-0.0462,1.13,15.4,-0.0617,12605800.0,1316780000.0,1.47,-0.0602,31.2,1534846.5,1023231.0,Earnings Yield,20,1000000,2025-12-08,,,
CSED3,3.0,6.79,0.74,0.437,0.054900000000000004,0.227,119.4,2.47,-0.48,3.29,2.06,0.1765,0.0643,1.01,11.0,0.10880000000000001,2311900.0,1480580000.0,0.72,0.1153,30.4,1535307.0,511769.0,Earnings Yield,20,1000000,2025-12-08,,,
EVEN3,5.46,9.64,0.59,0.378,0.1654,0.206,0.34,2.41,1.02,3.44,3.39,0.1566,0.1011,3.82,10.3,0.060899999999999996,8617280.0,1860320000.0,0.69,0.12890000000000001,29.1,1535417.52,281212.0,Earnings Yield,20,1000000,2025-12-08,,,
MDNE3,10.53,3.72,0.58,0.602,0.0617,0.224,0.77,3.25,-1.53,3.48,3.36,0.18539999999999998,0.16149999999999998,2.71,8.0,0.15460000000000002,10241800.0,1553810000.0,0.31,0.3506,28.7,1535537.25,145825.0,Earnings Yield,20,1000000,2025-12-08,,,
VTRU3,6.07,11.76,0.34,0.384,0.0,0.136,3.0,1.09,-0.3,3.59,2.78,0.3517,0.0327,1.43,13.9,0.0292,1112320.0,2370060000.0,1.01,0.12539999999999998,27.9,1535515.76,252968.0,Earnings Yield,20,1000000,2025-12-08,,,
VALE3,53.24,5.01,1.16,1.145,0.1005,0.499,-32.3,3.04,-1.25,3.69,3.07,0.37689999999999996,0.22870000000000001,0.91,18.5,0.2314,1310660000.0,208555000000.0,0.37,0.0044,27.1,1536399.9200000002,28858.0,Earnings Yield,20,1000000,2025-12-08,,,
HBRE3,2.97,3.11,0.15,1.939,0.0,0.063,1.89,0.71,-0.19,3.76,3.73,2.7264999999999997,1.4675,1.51,9.2,0.049400000000000006,2815390.0,1993010000.0,0.73,0.2444,26.6,1535454.36,516988.0,Earnings Yield,20,1000000,2025-12-08,,,
CMIN3,4.88,6.92,2.99,1.558,0.1503,0.777,3.68,4.86,-3.0,3.82,3.16,0.3204,0.2253,1.78,30.6,0.43270000000000003,48253200.0,8945330000.0,0.98,-0.026000000000000002,26.2,1535614.0,314675.0,Earnings Yield,20,1000000,2025-12-08,,,
SEER3,4.27,15.82,0.45,0.283,0.0,0.161,4.42,1.84,-0.41,3.84,2.22,0.15439999999999998,0.0179,1.17,9.6,0.028300000000000002,3856480.0,1228580000.0,0.71,0.1197,26.0,1535052.19,359497.0,Earnings Yield,20,1000000,2025-12-08,,,
IRBR3,42.05,13.23,0.72,0.589,0.0,0.216,0.0,6.88,0.0,0.0,0.0,0.0855,0.044500000000000005,0.0,0.0,0.0546,52550800.0,4785350000.0,0.0,0.0,inf,1019838.6499999999,24253.0,Earnings Yield,30,400000,2025-12-08,,,
PSSA3,34.77,8.44,1.68,0.632,0.0444,0.486,9.14,0.77,-3.85,0.37,0.37,0.8256,0.0759,1.1,84.4,0.1984,88975200.0,13418900000.0,0.0,0.1931,270.3,1024741.4400000001,29472.0,Earnings Yield,30,400000,2025-12-08,,,
WIZC3,5.17,4.6,1.38,0.655,0.047599999999999996,0.331,-5.31,1.29,-1.16,1.43,1.19,0.5082,0.2455,0.77,31.4,0.2999,3481030.0,599193000.0,0.57,0.13019999999999998,69.9,1023737.5499999999,198015.0,Earnings Yield,30,400000,2025-12-08,,,
SYNE3,5.55,1.72,0.54,0.607,1.1804000000000001,0.223,0.79,1.63,-6.14,1.95,1.68,0.3724,0.44920000000000004,11.34,16.7,0.3125,8030100.0,1573570000.0,0.54,0.21710000000000002,51.3,1024013.85,184507.0,Earnings Yield,30,400000,2025-12-08,,,
GOAU4,9.75,6.01,0.52,0.152,0.047,0.12,0.45,1.49,1.47,2.01,1.36,0.1025,0.0753,3.0,9.9,0.087,109989000.0,18902200000.0,0.66,0.1059,49.8,1023691.5,104994.0,Earnings Yield,30,400000,2025-12-08,,,
PCAR3,2.65,-0.81,0.32,0.069,0.0,0.066,-3.1,0.94,-0.13,2.39,1.3,0.0737,-0.085,0.93,9.3,-0.39890000000000003,45123700.0,4026000000.0,1.07,-0.47869999999999996,41.8,1023445.9,386206.0,Earnings Yield,30,400000,2025-12-08,,,
PLPL3,9.0,5.41,2.18,0.718,0.056100000000000004,0.743,1.11,2.69,3.16,2.53,2.46,0.2671,0.1458,4.42,44.2,0.4032,14071200.0,841408000.0,0.7,0.28059999999999996,39.5,1022310.0,113590.0,Earnings Yield,30,400000,2025-12-08,,,
BRBI11,12.68,6.84,1.57,3.757,0.15380000000000002,0.103,1.76,49.59,1.76,2.72,2.11,0.0758,0.5493,1.06,27.9,0.2299,7258380.0,846571000.0,13.68,-0.5069,36.8,1023795.88,80741.0,Earnings Yield,30,400000,2025-12-08,,,
ALOS3,17.88,12.69,0.7,3.555,0.0888,0.328,2.6,7.71,-1.19,3.07,2.06,0.461,0.32020000000000004,2.23,5.3,0.054900000000000004,110079000.0,13944600000.0,0.0,0.364,32.6,1020983.7599999999,57102.0,Earnings Yield,30,400000,2025-12-08,,,
CEAB3,7.44,6.26,0.72,0.311,0.0463,0.261,2.6,2.75,-1.53,3.09,1.66,0.11289999999999999,0.0496,1.27,14.5,0.1151,73034100.0,3180770000.0,0.45,0.1536,32.4,1023267.8400000001,137536.0,Earnings Yield,30,400000,2025-12-08,,,
PETR4,36.38,5.6,1.21,0.942,0.2164,0.44,-41.05,2.11,-0.92,3.2,2.44,0.4464,0.16899999999999998,0.94,23.2,0.2151,1305330000.0,393655000000.0,0.82,0.16879999999999998,31.2,1027516.7200000001,28244.0,Earnings Yield,30,400000,2025-12-08,,,
QUAL3,1.5,-5.24,0.32,0.265,0.0,0.097,2.2,0.92,-0.31,3.2,1.64,0.2877,-0.0462,1.13,15.4,-0.0617,12605800.0,1316780000.0,1.47,-0.0602,31.2,1023231.0,682154.0,Earnings Yield,30,400000,2025-12-08,,,
CSED3,3.0,6.79,0.74,0.437,0.054900000000000004,0.227,119.4,2.47,-0.48,3.29,2.06,0.1765,0.0643,1.01,11.0,0.10880000000000001,2311900.0,1480580000.0,0.72,0.1153,30.4,1023231.0,341077.0,Earnings Yield,30,400000,2025-12-08,,,
EVEN3,5.46,9.64,0.59,0.378,0.1654,0.206,0.34,2.41,1.02,3.44,3.39,0.1566,0.1011,3.82,10.3,0.060899999999999996,8617280.0,1860320000.0,0.69,0.12890000000000001,29.1,1024170.42,187577.0,Earnings Yield,30,400000,2025-12-08,,,
MDNE3,10.53,3.72,0.58,0.602,0.0617,0.224,0.77,3.25,-1.53,3.48,3.36,0.18539999999999998,0.16149999999999998,2.71,8.0,0.15460000000000002,10241800.0,1553810000.0,0.31,0.3506,28.7,1024769.07,97319.0,Earnings Yield,30,400000,2025-12-08,,,
VTRU3,6.07,11.76,0.34,0.384,0.0,0.136,3.0,1.09,-0.3,3.59,2.78,0.3517,0.0327,1.43,13.9,0.0292,1112320.0,2370060000.0,1.01,0.12539999999999998,27.9,1023056.01,168543.0,Earnings Yield,30,400000,2025-12-08,,,
VALE3,53.24,5.01,1.16,1.145,0.1005,0.499,-32.3,3.04,-1.25,3.69,3.07,0.37689999999999996,0.22870000000000001,0.91,18.5,0.2314,1310660000.0,208555000000.0,0.37,0.0044,27.1,1029714.8400000001,19341.0,Earnings Yield,30,400000,2025-12-08,,,
HBRE3,2.97,3.11,0.15,1.939,0.0,0.063,1.89,0.71,-0.19,3.76,3.73,2.7264999999999997,1.4675,1.51,9.2,0.049400000000000006,2815390.0,1993010000.0,0.73,0.2444,26.6,1023028.3800000001,344454.0,Earnings Yield,30,400000,2025-12-08,,,
CMIN3,4.88,6.92,2.99,1.558,0.1503,0.777,3.68,4.86,-3.0,3.82,3.16,0.3204,0.2253,1.78,30.6,0.43270000000000003,48253200.0,8945330000.0,0.98,-0.026000000000000002,26.2,1023243.28,209681.0,Earnings Yield,30,400000,2025-12-08,,,
SEER3,4.27,15.82,0.45,0.283,0.0,0.161,4.42,1.84,-0.41,3.84,2.22,0.15439999999999998,0.0179,1.17,9.6,0.028300000000000002,3856480.0,1228580000.0,0.71,0.1197,26.0,1023805.0899999999,239767.0,Earnings Yield,30,400000,2025-12-08,,,
ASAI3,5.42,11.52,1.47,0.102,0.0,0.167,-2.99,1.42,-0.31,3.86,2.94,0.07150000000000001,0.0088,0.86,17.8,0.1273,200466000.0,4995000000.0,3.33,0.40130000000000005,25.9,1023323.1,188805.0,Earnings Yield,30,400000,2025-12-08,,,
LREN3,12.15,10.41,1.24,0.914,0.0483,0.671,2.93,4.4,5.26,3.93,2.77,0.20739999999999997,0.0877,1.64,19.3,0.1189,261714000.0,10394700000.0,0.11,0.1664,25.4,1022033.7000000001,84118.0,Earnings Yield,30,400000,2025-12-08,,,
CAMB3,10.49,5.95,1.57,0.975,0.0635,1.114,3.76,4.5,5.0,4.05,3.58,0.2167,0.16390000000000002,2.38,30.3,0.2633,560396.0,283139000.0,0.01,0.35509999999999997,24.7,1024096.74,97626.0,Earnings Yield,30,400000,2025-12-08,,,
POSI3,5.08,2.77,0.44,0.17,0.0823,0.169,0.43,2.05,2.32,4.24,3.64,0.0827,0.061900000000000004,2.38,10.9,0.1575,7502790.0,1651110000.0,0.72,0.1936,23.6,1023071.36,201392.0,Earnings Yield,30,400000,2025-12-08,,,
MGLU3,6.26,12.64,0.42,0.122,0.0,0.13,1.35,2.6,-0.67,4.31,2.48,0.0471,0.0097,1.24,7.2,0.0331,276123000.0,11064900000.0,0.44,0.0862,23.2,1022408.24,163324.0,Earnings Yield,30,400000,2025-12-08,,,
ANIM3,1.53,-12.1,0.27,0.162,0.308,0.062,0.6,0.6,-0.13,4.44,2.98,0.2688,0.014199999999999999,1.76,12.4,-0.022400000000000003,24903900.0,2278190000.0,2.37,0.2927,22.5,1023498.09,668953.0,Earnings Yield,30,400000,2025-12-08,,,
TPIS3,5.25,2.71,0.24,0.177,0.043899999999999995,0.084,-1.02,0.68,-0.14,4.59,2.91,0.259,0.066,0.45,13.1,0.0902,439772.0,943308000.0,1.47,0.0473,21.8,1023461.25,194945.0,Earnings Yield,30,400000,2025-12-08,,,
LJQQ3,2.07,7.47,0.72,0.156,0.059000000000000004,0.11,0.37,5.83,-0.82,4.64,1.63,0.026699999999999998,0.0208,1.73,2.6,0.0958,12340300.0,563969000.0,1.01,0.0902,21.6,1023138.8999999999,494270.0,Earnings Yield,30,400000,2025-12-08,,,
EUCA4,13.31,3.13,0.48,0.445,0.0,0.275,1.48,3.24,-5.9,4.69,2.78,0.1373,0.1423,1.97,9.6,0.1524,614066.0,2584630000.0,0.32,0.1242,21.3,1021542.5,76750.0,Earnings Yield,30,400000,2025-12-08,,,
ALPK3,2.12,-21.49,1.29,0.303,0.0,0.174,-2.21,1.29,-0.26,4.79,2.85,0.2341,-0.0096,0.71,16.0,-0.06,459542.0,356524000.0,4.26,0.2563,20.9,1023120.4800000001,482604.0,Earnings Yield,30,400000,2025-12-08,,,
IRBR3,42.05,13.23,0.72,0.589,0.0,0.216,0.0,6.88,0.0,0.0,0.0,0.0855,0.044500000000000005,0.0,0.0,0.0546,52550800.0,4785350000.0,0.0,0.0,inf,1019838.6499999999,24253.0,Earnings Yield,30,1000000,2025-12-08,,,
PSSA3,34.77,8.44,1.68,0.632,0.0444,0.486,9.14,0.77,-3.85,0.37,0.37,0.8256,0.0759,1.1,84.4,0.1984,88975200.0,13418900000.0,0.0,0.1931,270.3,1024741.4400000001,29472.0,Earnings Yield,30,1000000,2025-12-08,,,
WIZC3,5.17,4.6,1.38,0.655,0.047599999999999996,0.331,-5.31,1.29,-1.16,1.43,1.19,0.5082,0.2455,0.77,31.4,0.2999,3481030.0,599193000.0,0.57,0.13019999999999998,69.9,1023737.5499999999,198015.0,Earnings Yield,30,1000000,2025-12-08,,,
SYNE3,5.55,1.72,0.54,0.607,1.1804000000000001,0.223,0.79,1.63,-6.14,1.95,1.68,0.3724,0.44920000000000004,11.34,16.7,0.3125,8030100.0,1573570000.0,0.54,0.21710000000000002,51.3,1024013.85,184507.0,Earnings Yield,30,1000000,2025-12-08,,,
GOAU4,9.75,6.01,0.52,0.152,0.047,0.12,0.45,1.49,1.47,2.01,1.36,0.1025,0.0753,3.0,9.9,0.087,109989000.0,18902200000.0,0.66,0.1059,49.8,1023691.5,104994.0,Earnings Yield,30,1000000,2025-12-08,,,
PCAR3,2.65,-0.81,0.32,0.069,0.0,0.066,-3.1,0.94,-0.13,2.39,1.3,0.0737,-0.085,0.93,9.3,-0.39890000000000003,45123700.0,4026000000.0,1.07,-0.47869999999999996,41.8,1023445.9,386206.0,Earnings Yield,30,1000000,2025-12-08,,,
PLPL3,9.0,5.41,2.18,0.718,0.056100000000000004,0.743,1.11,2.69,3.16,2.53,2.46,0.2671,0.1458,4.42,44.2,0.4032,14071200.0,841408000.0,0.7,0.28059999999999996,39.5,1022310.0,113590.0,Earnings Yield,30,1000000,2025-12-08,,,
BRBI11,12.68,6.84,1.57,3.757,0.15380000000000002,0.103,1.76,49.59,1.76,2.72,2.11,0.0758,0.5493,1.06,27.9,0.2299,7258380.0,846571000.0,13.68,-0.5069,36.8,1023795.88,80741.0,Earnings Yield,30,1000000,2025-12-08,,,
ALOS3,17.88,12.69,0.7,3.555,0.0888,0.328,2.6,7.71,-1.19,3.07,2.06,0.461,0.32020000000000004,2.23,5.3,0.054900000000000004,110079000.0,13944600000.0,0.0,0.364,32.6,1020983.7599999999,57102.0,Earnings Yield,30,1000000,2025-12-08,,,
CEAB3,7.44,6.26,0.72,0.311,0.0463,0.261,2.6,2.75,-1.53,3.09,1.66,0.11289999999999999,0.0496,1.27,14.5,0.1151,73034100.0,3180770000.0,0.45,0.1536,32.4,1023267.8400000001,137536.0,Earnings Yield,30,1000000,2025-12-08,,,
PETR4,36.38,5.6,1.21,0.942,0.2164,0.44,-41.05,2.11,-0.92,3.2,2.44,0.4464,0.16899999999999998,0.94,23.2,0.2151,1305330000.0,393655000000.0,0.82,0.16879999999999998,31.2,1027516.7200000001,28244.0,Earnings Yield,30,1000000,2025-12-08,,,
QUAL3,1.5,-5.24,0.32,0.265,0.0,0.097,2.2,0.92,-0.31,3.2,1.64,0.2877,-0.0462,1.13,15.4,-0.0617,12605800.0,1316780000.0,1.47,-0.0602,31.2,1023231.0,682154.0,Earnings Yield,30,1000000,2025-12-08,,,
CSED3,3.0,6.79,0.74,0.437,0.054900000000000004,0.227,119.4,2.47,-0.48,3.29,2.06,0.1765,0.0643,1.01,11.0,0.10880000000000001,2311900.0,1480580000.0,0.72,0.1153,30.4,1023231.0,341077.0,Earnings Yield,30,1000000,2025-12-08,,,
EVEN3,5.46,9.64,0.59,0.378,0.1654,0.206,0.34,2.41,1.02,3.44,3.39,0.1566,0.1011,3.82,10.3,0.060899999999999996,8617280.0,1860320000.0,0.69,0.12890000000000001,29.1,1024170.42,187577.0,Earnings Yield,30,1000000,2025-12-08,,,
MDNE3,10.53,3.72,0.58,0.602,0.0617,0.224,0.77,3.25,-1.53,3.48,3.36,0.18539999999999998,0.16149999999999998,2.71,8.0,0.15460000000000002,10241800.0,1553810000.0,0.31,0.3506,28.7,1024769.07,97319.0,Earnings Yield,30,1000000,2025-12-08,,,
VTRU3,6.07,11.76,0.34,0.384,0.0,0.136,3.0,1.09,-0.3,3.59,2.78,0.3517,0.0327,1.43,13.9,0.0292,1112320.0,2370060000.0,1.01,0.12539999999999998,27.9,1023056.01,168543.0,Earnings Yield,30,1000000,2025-12-08,,,
VALE3,53.24,5.01,1.16,1.145,0.1005,0.499,-32.3,3.04,-1.25,3.69,3.07,0.37689999999999996,0.22870000000000001,0.91,18.5,0.2314,1310660000.0,208555000000.0,0.37,0.0044,27.1,1029714.8400000001,19341.0,Earnings Yield,30,1000000,2025-12-08,,,
HBRE3,2.97,3.11,0.15,1.939,0.0,0.063,1.89,0.71,-0.19,3.76,3.73,2.7264999999999997,1.4675,1.51,9.2,0.049400000000000006,2815390.0,1993010000.0,0.73,0.2444,26.6,1023028.3800000001,344454.0,Earnings Yield,30,1000000,2025-12-08,,,
CMIN3,4.88,6.92,2.99,1.558,0.1503,0.777,3.68,4.86,-3.0,3.82,3.16,0.3204,0.2253,1.78,30.6,0.43270000000000003,48253200.0,8945330000.0,0.98,-0.026000000000000002,26.2,1023243.28,209681.0,Earnings Yield,30,1000000,2025-12-08,,,
SEER3,4.27,15.82,0.45,0.283,0.0,0.161,4.42,1.84,-0.41,3.84,2.22,0.15439999999999998,0.0179,1.17,9.6,0.028300000000000002,3856480.0,1228580000.0,0.71,0.1197,26.0,1023805.0899999999,239767.0,Earnings Yield,30,1000000,2025-12-08,,,
ASAI3,5.42,11.52,1.47,0.102,0.0,0.167,-2.99,1.42,-0.31,3.86,2.94,0.07150000000000001,0.0088,0.86,17.8,0.1273,200466000.0,4995000000.0,3.33,0.40130000000000005,25.9,1023323.1,188805.0,Earnings Yield,30,1000000,2025-12-08,,,
LREN3,12.15,10.41,1.24,0.914,0.0483,0.671,2.93,4.4,5.26,3.93,2.77,0.20739999999999997,0.0877,1.64,19.3,0.1189,261714000.0,10394700000.0,0.11,0.1664,25.4,1022033.7000000001,84118.0,Earnings Yield,30,1000000,2025-12-08,,,
POSI3,5.08,2.77,0.44,0.17,0.0823,0.169,0.43,2.05,2.32,4.24,3.64,0.0827,0.061900000000000004,2.38,10.9,0.1575,7502790.0,1651110000.0,0.72,0.1936,23.6,1023071.36,201392.0,Earnings Yield,30,1000000,2025-12-08,,,
MGLU3,6.26,12.64,0.42,0.122,0.0,0.13,1.35,2.6,-0.67,4.31,2.48,0.0471,0.0097,1.24,7.2,0.0331,276123000.0,11064900000.0,0.44,0.0862,23.2,1022408.24,163324.0,Earnings Yield,30,1000000,2025-12-08,,,
ANIM3,1.53,-12.1,0.27,0.162,0.308,0.062,0.6,0.6,-0.13,4.44,2.98,0.2688,0.014199999999999999,1.76,12.4,-0.022400000000000003,24903900.0,2278190000.0,2.37,0.2927,22.5,1023498.09,668953.0,Earnings Yield,30,1000000,2025-12-08,,,
LJQQ3,2.07,7.47,0.72,0.156,0.059000000000000004,0.11,0.37,5.83,-0.82,4.64,1.63,0.026699999999999998,0.0208,1.73,2.6,0.0958,12340300.0,563969000.0,1.01,0.0902,21.6,1023138.8999999999,494270.0,Earnings Yield,30,1000000,2025-12-08,,,
MATD3,3.61,-3.84,0.85,0.546,0.023,0.282,1.13,3.12,-0.91,4.88,3.84,0.17489999999999997,-0.1318,3.53,11.3,-0.22039999999999998,3407920.0,1473270000.0,0.99,0.21710000000000002,20.5,1022933.21,283361.0,Earnings Yield,30,1000000,2025-12-08,,,
VLID3,25.0,5.79,1.21,0.923,0.0711,0.725,2.1,4.8,5.3,4.93,3.92,0.19219999999999998,0.1591,2.87,20.2,0.20920000000000002,14257100.0,1689020000.0,0.36,0.016399999999999998,20.3,1020775.0,40831.0,Earnings Yield,30,1000000,2025-12-08,,,
SBSP3,86.91,6.37,1.57,1.67,0.0166,0.78,59.63,3.7,-1.98,4.95,4.19,0.45189999999999997,0.2623,1.14,22.3,0.24609999999999999,396469000.0,37909000000.0,0.63,0.17739999999999997,20.2,1013892.0599999999,11666.0,Earnings Yield,30,1000000,2025-12-08,,,
KEPL3,9.11,6.5,2.17,0.993,0.0926,1.056,2.85,5.41,5.81,4.95,4.39,0.1834,0.1527,2.14,30.9,0.33380000000000004,8903300.0,754480000.0,0.42,0.2677,20.2,1023617.82,112362.0,Earnings Yield,30,1000000,2025-12-08,,,
PSSA3,34.77,8.44,1.68,0.632,0.0444,0.486,9.14,0.77,-3.85,0.37,0.37,0.8256,0.0759,1.1,84.4,0.1984,88975200.0,13418900000.0,0.0,0.1931,270.3,6137774.250000001,176525.0,Magic Formula,5,400000,2025-12-08,2.0,1.0,3.0
PLPL3,9.0,5.41,2.18,0.718,0.056100000000000004,0.743,1.11,2.69,3.16,2.53,2.46,0.2671,0.1458,4.42,44.2,0.4032,14071200.0,841408000.0,0.7,0.28059999999999996,39.5,6139386.0,682154.0,Magic Formula,5,400000,2025-12-08,7.0,2.0,9.0
WIZC3,5.17,4.6,1.38,0.655,0.047599999999999996,0.331,-5.31,1.29,-1.16,1.43,1.19,0.5082,0.2455,0.77,31.4,0.2999,3481030.0,599193000.0,0.57,0.13019999999999998,69.9,6139250.92,1187476.0,Magic Formula,5,400000,2025-12-08,3.0,6.0,9.0
BRBI11,12.68,6.84,1.57,3.757,0.15380000000000002,0.103,1.76,49.59,1.76,2.72,2.11,0.0758,0.5493,1.06,27.9,0.2299,7258380.0,846571000.0,13.68,-0.5069,36.8,6138882.52,484139.0,Magic Formula,5,400000,2025-12-08,8.0,12.0,20.0
CMIN3,4.88,6.92,2.99,1.558,0.1503,0.777,3.68,4.86,-3.0,3.82,3.16,0.3204,0.2253,1.78,30.6,0.43270000000000003,48253200.0,8945330000.0,0.98,-0.026000000000000002,26.2,6139459.68,1258086.0,Magic Formula,5,400000,2025-12-08,19.0,8.0,27.0
PSSA3,34.77,8.44,1.68,0.632,0.0444,0.486,9.14,0.77,-3.85,0.37,0.37,0.8256,0.0759,1.1,84.4,0.1984,88975200.0,13418900000.0,0.0,0.1931,270.3,6137774.250000001,176525.0,Magic Formula,5,1000000,2025-12-08,2.0,1.0,3.0
PLPL3,9.0,5.41,2.18,0.718,0.056100000000000004,0.743,1.11,2.69,3.16,2.53,2.46,0.2671,0.1458,4.42,44.2,0.4032,14071200.0,841408000.0,0.7,0.28059999999999996,39.5,6139386.0,682154.0,Magic Formula,5,1000000,2025-12-08,7.0,2.0,9.0
WIZC3,5.17,4.6,1.38,0.655,0.047599999999999996,0.331,-5.31,1.29,-1.16,1.43,1.19,0.5082,0.2455,0.77,31.4,0.2999,3481030.0,599193000.0,0.57,0.13019999999999998,69.9,6139250.92,1187476.0,Magic Formula,5,1000000,2025-12-08,3.0,6.0,9.0
BRBI11,12.68,6.84,1.57,3.757,0.15380000000000002,0.103,1.76,49.59,1.76,2.72,2.11,0.0758,0.5493,1.06,27.9,0.2299,7258380.0,846571000.0,13.68,-0.5069,36.8,6138882.52,484139.0,Magic Formula,5,1000000,2025-12-08,8.0,11.0,19.0
CMIN3,4.88,6.92,2.99,1.558,0.1503,0.777,3.68,4.86,-3.0,3.82,3.16,0.3204,0.2253,1.78,30.6,0.43270000000000003,48253200.0,8945330000.0,0.98,-0.026000000000000002,26.2,6139459.68,1258086.0,Magic Formula,5,1000000,2025-12-08,19.0,8.0,27.0
PSSA3,34.77,8.44,1.68,0.632,0.0444,0.486,9.14,0.77,-3.85,0.37,0.37,0.8256,0.0759,1.1,84.4,0.1984,88975200.0,13418900000.0,0.0,0.1931,270.3,3074224.3200000003,88416.0,Magic Formula,10,400000,2025-12-08,2.0,1.0,3.0
PLPL3,9.0,5.41,2.18,0.718,0.056100000000000004,0.743,1.11,2.69,3.16,2.53,2.46,0.2671,0.1458,4.42,44.2,0.4032,14071200.0,841408000.0,0.7,0.28059999999999996,39.5,3069693.0,341077.0,Magic Formula,10,400000,2025-12-08,7.0,2.0,9.0
WIZC3,5.17,4.6,1.38,0.655,0.047599999999999996,0.331,-5.31,1.29,-1.16,1.43,1.19,0.5082,0.2455,0.77,31.4,0.2999,3481030.0,599193000.0,0.57,0.13019999999999998,69.9,3069625.46,593738.0,Magic Formula,10,400000,2025-12-08,3.0,6.0,9.0
BRBI11,12.68,6.84,1.57,3.757,0.15380000000000002,0.103,1.76,49.59,1.76,2.72,2.11,0.0758,0.5493,1.06,27.9,0.2299,7258380.0,846571000.0,13.68,-0.5069,36.8,3071387.64,242223.0,Magic Formula,10,400000,2025-12-08,8.0,12.0,20.0
CMIN3,4.88,6.92,2.99,1.558,0.1503,0.777,3.68,4.86,-3.0,3.82,3.16,0.3204,0.2253,1.78,30.6,0.43270000000000003,48253200.0,8945330000.0,0.98,-0.026000000000000002,26.2,3069729.84,629043.0,Magic Formula,10,400000,2025-12-08,19.0,8.0,27.0
PETR4,36.38,5.6,1.21,0.942,0.2164,0.44,-41.05,2.11,-0.92,3.2,2.44,0.4464,0.16899999999999998,0.94,23.2,0.2151,1305330000.0,393655000000.0,0.82,0.16879999999999998,31.2,3071381.5,84425.0,Magic Formula,10,400000,2025-12-08,11.5,17.0,28.5
CAMB3,10.49,5.95,1.57,0.975,0.0635,1.114,3.76,4.5,5.0,4.05,3.58,0.2167,0.16390000000000002,2.38,30.3,0.2633,560396.0,283139000.0,0.01,0.35509999999999997,24.7,3069069.79,292571.0,Magic Formula,10,400000,2025-12-08,23.0,9.0,32.0
SYNE3,5.55,1.72,0.54,0.607,1.1804000000000001,0.223,0.79,1.63,-6.14,1.95,1.68,0.3724,0.44920000000000004,11.34,16.7,0.3125,8030100.0,1573570000.0,0.54,0.21710000000000002,51.3,3070337.6999999997,553214.0,Magic Formula,10,400000,2025-12-08,4.0,31.5,35.5
LEVE3,26.18,6.07,3.2,0.834,0.0902,1.084,3.13,4.4,-65.38,5.05,4.49,0.1893,0.1374,2.16,33.9,0.5272,13225400.0,1109300000.0,0.92,0.1679,19.8,3070233.32,117274.0,Magic Formula,10,400000,2025-12-08,35.0,5.0,40.0
KEPL3,9.11,6.5,2.17,0.993,0.0926,1.056,2.85,5.41,5.81,4.95,4.39,0.1834,0.1527,2.14,30.9,0.33380000000000004,8903300.0,754480000.0,0.42,0.2677,20.2,3070853.46,337086.0,Magic Formula,10,400000,2025-12-08,33.5,7.0,40.5
PSSA3,34.77,8.44,1.68,0.632,0.0444,0.486,9.14,0.77,-3.85,0.37,0.37,0.8256,0.0759,1.1,84.4,0.1984,88975200.0,13418900000.0,0.0,0.1931,270.3,3074224.3200000003,88416.0,Magic Formula,10,1000000,2025-12-08,2.0,1.0,3.0
PLPL3,9.0,5.41,2.18,0.718,0.056100000000000004,0.743,1.11,2.69,3.16,2.53,2.46,0.2671,0.1458,4.42,44.2,0.4032,14071200.0,841408000.0,0.7,0.28059999999999996,39.5,3069693.0,341077.0,Magic Formula,10,1000000,2025-12-08,7.0,2.0,9.0
WIZC3,5.17,4.6,1.38,0.655,0.047599999999999996,0.331,-5.31,1.29,-1.16,1.43,1.19,0.5082,0.2455,0.77,31.4,0.2999,3481030.0,599193000.0,0.57,0.13019999999999998,69.9,3069625.46,593738.0,Magic Formula,10,1000000,2025-12-08,3.0,6.0,9.0
BRBI11,12.68,6.84,1.57,3.757,0.15380000000000002,0.103,1.76,49.59,1.76,2.72,2.11,0.0758,0.5493,1.06,27.9,0.2299,7258380.0,846571000.0,13.68,-0.5069,36.8,3071387.64,242223.0,Magic Formula,10,1000000,2025-12-08,8.0,11.0,19.0
CMIN3,4.88,6.92,2.99,1.558,0.1503,0.777,3.68,4.86,-3.0,3.82,3.16,0.3204,0.2253,1.78,30.6,0.43270000000000003,48253200.0,8945330000.0,0.98,-0.026000000000000002,26.2,3069729.84,629043.0,Magic Formula,10,1000000,2025-12-08,19.0,8.0,27.0
PETR4,36.38,5.6,1.21,0.942,0.2164,0.44,-41.05,2.11,-0.92,3.2,2.44,0.4464,0.16899999999999998,0.94,23.2,0.2151,1305330000.0,393655000000.0,0.82,0.16879999999999998,31.2,3071381.5,84425.0,Magic Formula,10,1000000,2025-12-08,11.5,16.0,27.5
SYNE3,5.55,1.72,0.54,0.607,1.1804000000000001,0.223,0.79,1.63,-6.14,1.95,1.68,0.3724,0.44920000000000004,11.34,16.7,0.3125,8030100.0,1573570000.0,0.54,0.21710000000000002,51.3,3070337.6999999997,553214.0,Magic Formula,10,1000000,2025-12-08,4.0,29.5,33.5
LEVE3,26.18,6.07,3.2,0.834,0.0902,1.084,3.13,4.4,-65.38,5.05,4.49,0.1893,0.1374,2.16,33.9,0.5272,13225400.0,1109300000.0,0.92,0.1679,19.8,3070233.32,117274.0,Magic Formula,10,1000000,2025-12-08,31.0,5.0,36.0
KEPL3,9.11,6.5,2.17,0.993,0.0926,1.056,2.85,5.41,5.81,4.95,4.39,0.1834,0.1527,2.14,30.9,0.33380000000000004,8903300.0,754480000.0,0.42,0.2677,20.2,3070853.46,337086.0,Magic Formula,10,1000000,2025-12-08,29.5,7.0,36.5
VALE3,53.24,5.01,1.16,1.145,0.1005,0.499,-32.3,3.04,-1.25,3.69,3.07,0.37689999999999996,0.22870000000000001,0.91,18.5,0.2314,1310660000.0,208555000000.0,0.37,0.0044,27.1,3072799.8400000003,57716.0,Magic Formula,10,1000000,2025-12-08,17.0,25.0,42.0
PSSA3,34.77,8.44,1.68,0.632,0.0444,0.486,9.14,0.77,-3.85,0.37,0.37,0.8256,0.0759,1.1,84.4,0.1984,88975200.0,13418900000.0,0.0,0.1931,270.3,1537112.1600000001,44208.0,Magic Formula,20,400000,2025-12-08,2.0,1.0,3.0
PLPL3,9.0,5.41,2.18,0.718,0.056100000000000004,0.743,1.11,2.69,3.16,2.53,2.46,0.2671,0.1458,4.42,44.2,0.4032,14071200.0,841408000.0,0.7,0.28059999999999996,39.5,1536228.0,170692.0,Magic Formula,20,400000,2025-12-08,7.0,2.0,9.0
WIZC3,5.17,4.6,1.38,0.655,0.047599999999999996,0.331,-5.31,1.29,-1.16,1.43,1.19,0.5082,0.2455,0.77,31.4,0.2999,3481030.0,599193000.0,0.57,0.13019999999999998,69.9,1534812.73,296869.0,Magic Formula,20,400000,2025-12-08,3.0,6.0,9.0
BRBI11,12.68,6.84,1.57,3.757,0.15380000000000002,0.103,1.76,49.59,1.76,2.72,2.11,0.0758,0.5493,1.06,27.9,0.2299,7258380.0,846571000.0,13.68,-0.5069,36.8,1533747.44,120958.0,Magic Formula,20,400000,2025-12-08,8.0,12.0,20.0
CMIN3,4.88,6.92,2.99,1.558,0.1503,0.777,3.68,4.86,-3.0,3.82,3.16,0.3204,0.2253,1.78,30.6,0.43270000000000003,48253200.0,8945330000.0,0.98,-0.026000000000000002,26.2,1535614.0,314675.0,Magic Formula,20,400000,2025-12-08,19.0,8.0,27.0
PETR4,36.38,5.6,1.21,0.942,0.2164,0.44,-41.05,2.11,-0.92,3.2,2.44,0.4464,0.16899999999999998,0.94,23.2,0.2151,1305330000.0,393655000000.0,0.82,0.16879999999999998,31.2,1530106.4200000002,42059.0,Magic Formula,20,400000,2025-12-08,11.5,17.0,28.5
CAMB3,10.49,5.95,1.57,0.975,0.0635,1.114,3.76,4.5,5.0,4.05,3.58,0.2167,0.16390000000000002,2.38,30.3,0.2633,560396.0,283139000.0,0.01,0.35509999999999997,24.7,1536145.11,146439.0,Magic Formula,20,400000,2025-12-08,23.0,9.0,32.0
SYNE3,5.55,1.72,0.54,0.607,1.1804000000000001,0.223,0.79,1.63,-6.14,1.95,1.68,0.3724,0.44920000000000004,11.34,16.7,0.3125,8030100.0,1573570000.0,0.54,0.21710000000000002,51.3,1535168.8499999999,276607.0,Magic Formula,20,400000,2025-12-08,4.0,31.5,35.5
LEVE3,26.18,6.07,3.2,0.834,0.0902,1.084,3.13,4.4,-65.38,5.05,4.49,0.1893,0.1374,2.16,33.9,0.5272,13225400.0,1109300000.0,0.92,0.1679,19.8,1535116.66,58637.0,Magic Formula,20,400000,2025-12-08,35.0,5.0,40.0
KEPL3,9.11,6.5,2.17,0.993,0.0926,1.056,2.85,5.41,5.81,4.95,4.39,0.1834,0.1527,2.14,30.9,0.33380000000000004,8903300.0,754480000.0,0.42,0.2677,20.2,1535426.73,168543.0,Magic Formula,20,400000,2025-12-08,33.5,7.0,40.5
VALE3,53.24,5.01,1.16,1.145,0.1005,0.499,-32.3,3.04,-1.25,3.69,3.07,0.37689999999999996,0.22870000000000001,0.91,18.5,0.2314,1310660000.0,208555000000.0,0.37,0.0044,27.1,1536399.9200000002,28858.0,Magic Formula,20,400000,2025-12-08,17.0,27.0,44.0
LREN3,12.15,10.41,1.24,0.914,0.0483,0.671,2.93,4.4,5.26,3.93,2.77,0.20739999999999997,0.0877,1.64,19.3,0.1189,261714000.0,10394700000.0,0.11,0.1664,25.4,1536780.6,126484.0,Magic Formula,20,400000,2025-12-08,22.0,24.0,46.0
ASAI3,5.42,11.52,1.47,0.102,0.0,0.167,-2.99,1.42,-0.31,3.86,2.94,0.07150000000000001,0.0088,0.86,17.8,0.1273,200466000.0,4995000000.0,3.33,0.40130000000000005,25.9,1535816.6199999999,283361.0,Magic Formula,20,400000,2025-12-08,21.0,28.0,49.0
SBSP3,86.91,6.37,1.57,1.67,0.0166,0.78,59.63,3.7,-1.98,4.95,4.19,0.45189999999999997,0.2623,1.14,22.3,0.24609999999999999,396469000.0,37909000000.0,0.63,0.17739999999999997,20.2,1547519.46,17806.0,Magic Formula,20,400000,2025-12-08,33.5,18.5,52.0
VLID3,25.0,5.79,1.21,0.923,0.0711,0.725,2.1,4.8,5.3,4.93,3.92,0.19219999999999998,0.1591,2.87,20.2,0.20920000000000002,14257100.0,1689020000.0,0.36,0.016399999999999998,20.3,1535000.0,61400.0,Magic Formula,20,400000,2025-12-08,32.0,22.0,54.0
QUAL3,1.5,-5.24,0.32,0.265,0.0,0.097,2.2,0.92,-0.31,3.2,1.64,0.2877,-0.0462,1.13,15.4,-0.0617,12605800.0,1316780000.0,1.47,-0.0602,31.2,1534846.5,1023231.0,Magic Formula,20,400000,2025-12-08,11.5,43.0,54.5
CURY3,17.3,7.84,4.66,1.364,0.0964,1.276,3.51,5.93,-52.85,5.56,5.37,0.2298,0.1822,2.21,36.2,0.5943999999999999,45770900.0,1084020000.0,1.02,0.3145,18.0,1534907.9000000001,88723.0,Magic Formula,20,400000,2025-12-08,51.5,4.0,55.5
CSUD3,15.08,6.79,1.37,1.131,0.07200000000000001,0.936,18.32,5.14,-23.91,5.13,3.4,0.2198,0.1666,1.23,22.2,0.20129999999999998,934452.0,461386000.0,0.17,0.048600000000000004,19.5,1537013.92,101924.0,Magic Formula,20,400000,2025-12-08,37.5,20.0,57.5
CEAB3,7.44,6.26,0.72,0.311,0.0463,0.261,2.6,2.75,-1.53,3.09,1.66,0.11289999999999999,0.0496,1.27,14.5,0.1151,73034100.0,3180770000.0,0.45,0.1536,32.4,1534901.76,206304.0,Magic Formula,20,400000,2025-12-08,10.0,49.0,59.0
ALPK3,2.12,-21.49,1.29,0.303,0.0,0.174,-2.21,1.29,-0.26,4.79,2.85,0.2341,-0.0096,0.71,16.0,-0.06,459542.0,356524000.0,4.26,0.2563,20.9,1534680.72,723906.0,Magic Formula,20,400000,2025-12-08,30.0,38.5,68.5
PSSA3,34.77,8.44,1.68,0.632,0.0444,0.486,9.14,0.77,-3.85,0.37,0.37,0.8256,0.0759,1.1,84.4,0.1984,88975200.0,13418900000.0,0.0,0.1931,270.3,1537112.1600000001,44208.0,Magic Formula,20,1000000,2025-12-08,2.0,1.0,3.0
PLPL3,9.0,5.41,2.18,0.718,0.056100000000000004,0.743,1.11,2.69,3.16,2.53,2.46,0.2671,0.1458,4.42,44.2,0.4032,14071200.0,841408000.0,0.7,0.28059999999999996,39.5,1536228.0,170692.0,Magic Formula,20,1000000,2025-12-08,7.0,2.0,9.0
WIZC3,5.17,4.6,1.38,0.655,0.047599999999999996,0.331,-5.31,1.29,-1.16,1.43,1.19,0.5082,0.2455,0.77,31.4,0.2999,3481030.0,599193000.0,0.57,0.13019999999999998,69.9,1534812.73,296869.0,Magic Formula,20,1000000,2025-12-08,3.0,6.0,9.0
BRBI11,12.68,6.84,1.57,3.757,0.15380000000000002,0.103,1.76,49.59,1.76,2.72,2.11,0.0758,0.5493,1.06,27.9,0.2299,7258380.0,846571000.0,13.68,-0.5069,36.8,1533747.44,120958.0,Magic Formula,20,1000000,2025-12-08,8.0,11.0,19.0
CMIN3,4.88,6.92,2.99,1.558,0.1503,0.777,3.68,4.86,-3.0,3.82,3.16,0.3204,0.2253,1.78,30.6,0.43270000000000003,48253200.0,8945330000.0,0.98,-0.026000000000000002,26.2,1535614.0,314675.0,Magic Formula,20,1000000,2025-12-08,19.0,8.0,27.0
PETR4,36.38,5.6,1.21,0.942,0.2164,0.44,-41.05,2.11,-0.92,3.2,2.44,0.4464,0.16899999999999998,0.94,23.2,0.2151,1305330000.0,393655000000.0,0.82,0.16879999999999998,31.2,1530106.4200000002,42059.0,Magic Formula,20,1000000,2025-12-08,11.5,16.0,27.5
SYNE3,5.55,1.72,0.54,0.607,1.1804000000000001,0.223,0.79,1.63,-6.14,1.95,1.68,0.3724,0.44920000000000004,11.34,16.7,0.3125,8030100.0,1573570000.0,0.54,0.21710000000000002,51.3,1535168.8499999999,276607.0,Magic Formula,20,1000000,2025-12-08,4.0,29.5,33.5
LEVE3,26.18,6.07,3.2,0.834,0.0902,1.084,3.13,4.4,-65.38,5.05,4.49,0.1893,0.1374,2.16,33.9,0.5272,13225400.0,1109300000.0,0.92,0.1679,19.8,1535116.66,58637.0,Magic Formula,20,1000000,2025-12-08,31.0,5.0,36.0
KEPL3,9.11,6.5,2.17,0.993,0.0926,1.056,2.85,5.41,5.81,4.95,4.39,0.1834,0.1527,2.14,30.9,0.33380000000000004,8903300.0,754480000.0,0.42,0.2677,20.2,1535426.73,168543.0,Magic Formula,20,1000000,2025-12-08,29.5,7.0,36.5
VALE3,53.24,5.01,1.16,1.145,0.1005,0.499,-32.3,3.04,-1.25,3.69,3.07,0.37689999999999996,0.22870000000000001,0.91,18.5,0.2314,1310660000.0,208555000000.0,0.37,0.0044,27.1,1536399.9200000002,28858.0,Magic Formula,20,1000000,2025-12-08,17.0,25.0,42.0
LREN3,12.15,10.41,1.24,0.914,0.0483,0.671,2.93,4.4,5.26,3.93,2.77,0.20739999999999997,0.0877,1.64,19.3,0.1189,261714000.0,10394700000.0,0.11,0.1664,25.4,1536780.6,126484.0,Magic Formula,20,1000000,2025-12-08,22.0,22.0,44.0
SBSP3,86.91,6.37,1.57,1.67,0.0166,0.78,59.63,3.7,-1.98,4.95,4.19,0.45189999999999997,0.2623,1.14,22.3,0.24609999999999999,396469000.0,37909000000.0,0.63,0.17739999999999997,20.2,1547519.46,17806.0,Magic Formula,20,1000000,2025-12-08,29.5,17.5,47.0
ASAI3,5.42,11.52,1.47,0.102,0.0,0.167,-2.99,1.42,-0.31,3.86,2.94,0.07150000000000001,0.0088,0.86,17.8,0.1273,200466000.0,4995000000.0,3.33,0.40130000000000005,25.9,1535816.6199999999,283361.0,Magic Formula,20,1000000,2025-12-08,21.0,26.0,47.0
VLID3,25.0,5.79,1.21,0.923,0.0711,0.725,2.1,4.8,5.3,4.93,3.92,0.19219999999999998,0.1591,2.87,20.2,0.20920000000000002,14257100.0,1689020000.0,0.36,0.016399999999999998,20.3,1535000.0,61400.0,Magic Formula,20,1000000,2025-12-08,28.0,20.0,48.0
CURY3,17.3,7.84,4.66,1.364,0.0964,1.276,3.51,5.93,-52.85,5.56,5.37,0.2298,0.1822,2.21,36.2,0.5943999999999999,45770900.0,1084020000.0,1.02,0.3145,18.0,1534907.9000000001,88723.0,Magic Formula,20,1000000,2025-12-08,44.5,4.0,48.5
QUAL3,1.5,-5.24,0.32,0.265,0.0,0.097,2.2,0.92,-0.31,3.2,1.64,0.2877,-0.0462,1.13,15.4,-0.0617,12605800.0,1316780000.0,1.47,-0.0602,31.2,1534846.5,1023231.0,Magic Formula,20,1000000,2025-12-08,11.5,40.0,51.5
CEAB3,7.44,6.26,0.72,0.311,0.0463,0.261,2.6,2.75,-1.53,3.09,1.66,0.11289999999999999,0.0496,1.27,14.5,0.1151,73034100.0,3180770000.0,0.45,0.1536,32.4,1534901.76,206304.0,Magic Formula,20,1000000,2025-12-08,10.0,45.0,55.0
VTRU3,6.07,11.76,0.34,0.384,0.0,0.136,3.0,1.09,-0.3,3.59,2.78,0.3517,0.0327,1.43,13.9,0.0292,1112320.0,2370060000.0,1.01,0.12539999999999998,27.9,1535515.76,252968.0,Magic Formula,20,1000000,2025-12-08,16.0,50.5,66.5
TGMA3,27.71,7.76,2.05,0.953,0.0978,1.42,4.11,6.34,6.14,6.0,5.51,0.1503,0.1232,2.8,29.8,0.2644,9416920.0,892007000.0,0.19,0.17010000000000003,16.7,1531254.6,55260.0,Magic Formula,20,1000000,2025-12-08,57.0,10.0,67.0
MILS3,8.41,6.79,1.35,1.304,0.07690000000000001,0.549,2.88,3.79,-2.34,5.68,3.95,0.34369999999999995,0.1924,2.15,19.0,0.19829999999999998,10255300.0,1463110000.0,1.13,0.29059999999999997,17.6,1536212.6500000001,182665.0,Magic Formula,20,1000000,2025-12-08,47.0,23.0,70.0
PSSA3,34.77,8.44,1.68,0.632,0.0444,0.486,9.14,0.77,-3.85,0.37,0.37,0.8256,0.0759,1.1,84.4,0.1984,88975200.0,13418900000.0,0.0,0.1931,270.3,1024741.4400000001,29472.0,Magic Formula,30,400000,2025-12-08,2.0,1.0,3.0
PLPL3,9.0,5.41,2.18,0.718,0.056100000000000004,0.743,1.11,2.69,3.16,2.53,2.46,0.2671,0.1458,4.42,44.2,0.4032,14071200.0,841408000.0,0.7,0.28059999999999996,39.5,1022310.0,113590.0,Magic Formula,30,400000,2025-12-08,7.0,2.0,9.0
WIZC3,5.17,4.6,1.38,0.655,0.047599999999999996,0.331,-5.31,1.29,-1.16,1.43,1.19,0.5082,0.2455,0.77,31.4,0.2999,3481030.0,599193000.0,0.57,0.13019999999999998,69.9,1023737.5499999999,198015.0,Magic Formula,30,400000,2025-12-08,3.0,6.0,9.0
BRBI11,12.68,6.84,1.57,3.757,0.15380000000000002,0.103,1.76,49.59,1.76,2.72,2.11,0.0758,0.5493,1.06,27.9,0.2299,7258380.0,846571000.0,13.68,-0.5069,36.8,1023795.88,80741.0,Magic Formula,30,400000,2025-12-08,8.0,12.0,20.0
CMIN3,4.88,6.92,2.99,1.558,0.1503,0.777,3.68,4.86,-3.0,3.82,3.16,0.3204,0.2253,1.78,30.6,0.43270000000000003,48253200.0,8945330000.0,0.98,-0.026000000000000002,26.2,1023243.28,209681.0,Magic Formula,30,400000,2025-12-08,19.0,8.0,27.0
PETR4,36.38,5.6,1.21,0.942,0.2164,0.44,-41.05,2.11,-0.92,3.2,2.44,0.4464,0.16899999999999998,0.94,23.2,0.2151,1305330000.0,393655000000.0,0.82,0.16879999999999998,31.2,1027516.7200000001,28244.0,Magic Formula,30,400000,2025-12-08,11.5,17.0,28.5
CAMB3,10.49,5.95,1.57,0.975,0.0635,1.114,3.76,4.5,5.0,4.05,3.58,0.2167,0.16390000000000002,2.38,30.3,0.2633,560396.0,283139000.0,0.01,0.35509999999999997,24.7,1024096.74,97626.0,Magic Formula,30,400000,2025-12-08,23.0,9.0,32.0
SYNE3,5.55,1.72,0.54,0.607,1.1804000000000001,0.223,0.79,1.63,-6.14,1.95,1.68,0.3724,0.44920000000000004,11.34,16.7,0.3125,8030100.0,1573570000.0,0.54,0.21710000000000002,51.3,1024013.85,184507.0,Magic Formula,30,400000,2025-12-08,4.0,31.5,35.5
LEVE3,26.18,6.07,3.2,0.834,0.0902,1.084,3.13,4.4,-65.38,5.05,4.49,0.1893,0.1374,2.16,33.9,0.5272,13225400.0,1109300000.0,0.92,0.1679,19.8,1020732.02,38989.0,Magic Formula,30,400000,2025-12-08,35.0,5.0,40.0
KEPL3,9.11,6.5,2.17,0.993,0.0926,1.056,2.85,5.41,5.81,4.95,4.39,0.1834,0.1527,2.14,30.9,0.33380000000000004,8903300.0,754480000.0,0.42,0.2677,20.2,1023617.82,112362.0,Magic Formula,30,400000,2025-12-08,33.5,7.0,40.5
VALE3,53.24,5.01,1.16,1.145,0.1005,0.499,-32.3,3.04,-1.25,3.69,3.07,0.37689999999999996,0.22870000000000001,0.91,18.5,0.2314,1310660000.0,208555000000.0,0.37,0.0044,27.1,1029714.8400000001,19341.0,Magic Formula,30,400000,2025-12-08,17.0,27.0,44.0
LREN3,12.15,10.41,1.24,0.914,0.0483,0.671,2.93,4.4,5.26,3.93,2.77,0.20739999999999997,0.0877,1.64,19.3,0.1189,261714000.0,10394700000.0,0.11,0.1664,25.4,1022033.7000000001,84118.0,Magic Formula,30,400000,2025-12-08,22.0,24.0,46.0
ASAI3,5.42,11.52,1.47,0.102,0.0,0.167,-2.99,1.42,-0.31,3.86,2.94,0.07150000000000001,0.0088,0.86,17.8,0.1273,200466000.0,4995000000.0,3.33,0.40130000000000005,25.9,1023323.1,188805.0,Magic Formula,30,400000,2025-12-08,21.0,28.0,49.0
SBSP3,86.91,6.37,1.57,1.67,0.0166,0.78,59.63,3.7,-1.98,4.95,4.19,0.45189999999999997,0.2623,1.14,22.3,0.24609999999999999,396469000.0,37909000000.0,0.63,0.17739999999999997,20.2,1013892.0599999999,11666.0,Magic Formula,30,400000,2025-12-08,33.5,18.5,52.0
VLID3,25.0,5.79,1.21,0.923,0.0711,0.725,2.1,4.8,5.3,4.93,3.92,0.19219999999999998,0.1591,2.87,20.2,0.20920000000000002,14257100.0,1689020000.0,0.36,0.016399999999999998,20.3,1020775.0,40831.0,Magic Formula,30,400000,2025-12-08,32.0,22.0,54.0
QUAL3,1.5,-5.24,0.32,0.265,0.0,0.097,2.2,0.92,-0.31,3.2,1.64,0.2877,-0.0462,1.13,15.4,-0.0617,12605800.0,1316780000.0,1.47,-0.0602,31.2,1023231.0,682154.0,Magic Formula,30,400000,2025-12-08,11.5,43.0,54.5
CURY3,17.3,7.84,4.66,1.364,0.0964,1.276,3.51,5.93,-52.85,5.56,5.37,0.2298,0.1822,2.21,36.2,0.5943999999999999,45770900.0,1084020000.0,1.02,0.3145,18.0,1025042.3,59251.0,Magic Formula,30,400000,2025-12-08,51.5,4.0,55.5
CSUD3,15.08,6.79,1.37,1.131,0.07200000000000001,0.936,18.32,5.14,-23.91,5.13,3.4,0.2198,0.1666,1.23,22.2,0.20129999999999998,934452.0,461386000.0,0.17,0.048600000000000004,19.5,1023132.76,67847.0,Magic Formula,30,400000,2025-12-08,37.5,20.0,57.5
CEAB3,7.44,6.26,0.72,0.311,0.0463,0.261,2.6,2.75,-1.53,3.09,1.66,0.11289999999999999,0.0496,1.27,14.5,0.1151,73034100.0,3180770000.0,0.45,0.1536,32.4,1023267.8400000001,137536.0,Magic Formula,30,400000,2025-12-08,10.0,49.0,59.0
ALPK3,2.12,-21.49,1.29,0.303,0.0,0.174,-2.21,1.29,-0.26,4.79,2.85,0.2341,-0.0096,0.71,16.0,-0.06,459542.0,356524000.0,4.26,0.2563,20.9,1023120.4800000001,482604.0,Magic Formula,30,400000,2025-12-08,30.0,38.5,68.5
VTRU3,6.07,11.76,0.34,0.384,0.0,0.136,3.0,1.09,-0.3,3.59,2.78,0.3517,0.0327,1.43,13.9,0.0292,1112320.0,2370060000.0,1.01,0.12539999999999998,27.9,1023056.01,168543.0,Magic Formula,30,400000,2025-12-08,16.0,54.5,70.5
TGMA3,27.71,7.76,2.05,0.953,0.0978,1.42,4.11,6.34,6.14,6.0,5.51,0.1503,0.1232,2.8,29.8,0.2644,9416920.0,892007000.0,0.19,0.17010000000000003,16.7,1020836.4,36840.0,Magic Formula,30,400000,2025-12-08,64.0,11.0,75.0
MILS3,8.41,6.79,1.35,1.304,0.07690000000000001,0.549,2.88,3.79,-2.34,5.68,3.95,0.34369999999999995,0.1924,2.15,19.0,0.19829999999999998,10255300.0,1463110000.0,1.13,0.29059999999999997,17.6,1022420.52,121572.0,Magic Formula,30,400000,2025-12-08,54.0,25.0,79.0
DEXP3,8.23,5.5,0.94,0.516,0.0579,0.594,1.28,5.92,2.2,5.08,4.21,0.08710000000000001,0.10310000000000001,3.61,15.0,0.1716,878701.0,952856000.0,0.28,0.159,19.7,1023277.05,124335.0,Magic Formula,30,400000,2025-12-08,36.0,45.0,81.0
CPFE3,31.0,6.51,1.75,0.867,0.0888,0.473,22.17,3.19,-0.96,5.4,4.6,0.2716,0.1338,1.11,16.5,0.2687,54556100.0,20423100000.0,1.4,0.0747,18.5,1027836.0,33156.0,Magic Formula,30,400000,2025-12-08,48.0,34.5,82.5
PRIO3,40.62,7.43,2.0,2.581,0.0,0.841,2.64,5.09,-4.62,6.16,4.69,0.5075,0.34740000000000004,5.01,23.5,0.26940000000000003,343488000.0,18191400000.0,1.07,0.7231000000000001,16.2,1022567.8799999999,25174.0,Magic Formula,30,400000,2025-12-08,67.0,16.0,83.0
ECOR3,4.07,3.22,0.81,0.291,0.0478,0.098,-2.51,0.8,-0.15,5.13,4.06,0.36210000000000003,0.0929,0.83,14.9,0.25129999999999997,32093700.0,3499960000.0,5.71,0.26539999999999997,19.5,1023332.31,251433.0,Magic Formula,30,400000,2025-12-08,37.5,47.0,84.5
UGPA3,15.55,6.62,1.18,0.132,0.0418,0.441,2.95,3.42,-2.22,5.61,4.52,0.038599999999999995,0.021,1.57,16.5,0.1782,122502000.0,14703800000.0,1.04,0.1197,17.8,1021603.9,65698.0,Magic Formula,30,400000,2025-12-08,53.0,34.5,87.5
TPIS3,5.25,2.71,0.24,0.177,0.043899999999999995,0.084,-1.02,0.68,-0.14,4.59,2.91,0.259,0.066,0.45,13.1,0.0902,439772.0,943308000.0,1.47,0.0473,21.8,1023461.25,194945.0,Magic Formula,30,400000,2025-12-08,27.0,61.0,88.0
ANIM3,1.53,-12.1,0.27,0.162,0.308,0.062,0.6,0.6,-0.13,4.44,2.98,0.2688,0.014199999999999999,1.76,12.4,-0.022400000000000003,24903900.0,2278190000.0,2.37,0.2927,22.5,1023498.09,668953.0,Magic Formula,30,400000,2025-12-08,26.0,65.0,91.0
PSSA3,34.77,8.44,1.68,0.632,0.0444,0.486,9.14,0.77,-3.85,0.37,0.37,0.8256,0.0759,1.1,84.4,0.1984,88975200.0,13418900000.0,0.0,0.1931,270.3,1024741.4400000001,29472.0,Magic Formula,30,1000000,2025-12-08,2.0,1.0,3.0
PLPL3,9.0,5.41,2.18,0.718,0.056100000000000004,0.743,1.11,2.69,3.16,2.53,2.46,0.2671,0.1458,4.42,44.2,0.4032,14071200.0,841408000.0,0.7,0.28059999999999996,39.5,1022310.0,113590.0,Magic Formula,30,1000000,2025-12-08,7.0,2.0,9.0
WIZC3,5.17,4.6,1.38,0.655,0.047599999999999996,0.331,-5.31,1.29,-1.16,1.43,1.19,0.5082,0.2455,0.77,31.4,0.2999,3481030.0,599193000.0,0.57,0.13019999999999998,69.9,1023737.5499999999,198015.0,Magic Formula,30,1000000,2025-12-08,3.0,6.0,9.0
BRBI11,12.68,6.84,1.57,3.757,0.15380000000000002,0.103,1.76,49.59,1.76,2.72,2.11,0.0758,0.5493,1.06,27.9,0.2299,7258380.0,846571000.0,13.68,-0.5069,36.8,1023795.88,80741.0,Magic Formula,30,1000000,2025-12-08,8.0,11.0,19.0
CMIN3,4.88,6.92,2.99,1.558,0.1503,0.777,3.68,4.86,-3.0,3.82,3.16,0.3204,0.2253,1.78,30.6,0.43270000000000003,48253200.0,8945330000.0,0.98,-0.026000000000000002,26.2,1023243.28,209681.0,Magic Formula,30,1000000,2025-12-08,19.0,8.0,27.0
PETR4,36.38,5.6,1.21,0.942,0.2164,0.44,-41.05,2.11,-0.92,3.2,2.44,0.4464,0.16899999999999998,0.94,23.2,0.2151,1305330000.0,393655000000.0,0.82,0.16879999999999998,31.2,1027516.7200000001,28244.0,Magic Formula,30,1000000,2025-12-08,11.5,16.0,27.5
SYNE3,5.55,1.72,0.54,0.607,1.1804000000000001,0.223,0.79,1.63,-6.14,1.95,1.68,0.3724,0.44920000000000004,11.34,16.7,0.3125,8030100.0,1573570000.0,0.54,0.21710000000000002,51.3,1024013.85,184507.0,Magic Formula,30,1000000,2025-12-08,4.0,29.5,33.5
LEVE3,26.18,6.07,3.2,0.834,0.0902,1.084,3.13,4.4,-65.38,5.05,4.49,0.1893,0.1374,2.16,33.9,0.5272,13225400.0,1109300000.0,0.92,0.1679,19.8,1020732.02,38989.0,Magic Formula,30,1000000,2025-12-08,31.0,5.0,36.0
KEPL3,9.11,6.5,2.17,0.993,0.0926,1.056,2.85,5.41,5.81,4.95,4.39,0.1834,0.1527,2.14,30.9,0.33380000000000004,8903300.0,754480000.0,0.42,0.2677,20.2,1023617.82,112362.0,Magic Formula,30,1000000,2025-12-08,29.5,7.0,36.5
VALE3,53.24,5.01,1.16,1.145,0.1005,0.499,-32.3,3.04,-1.25,3.69,3.07,0.37689999999999996,0.22870000000000001,0.91,18.5,0.2314,1310660000.0,208555000000.0,0.37,0.0044,27.1,1029714.8400000001,19341.0,Magic Formula,30,1000000,2025-12-08,17.0,25.0,42.0
LREN3,12.15,10.41,1.24,0.914,0.0483,0.671,2.93,4.4,5.26,3.93,2.77,0.20739999999999997,0.0877,1.64,19.3,0.1189,261714000.0,10394700000.0,0.11,0.1664,25.4,1022033.7000000001,84118.0,Magic Formula,30,1000000,2025-12-08,22.0,22.0,44.0
SBSP3,86.91,6.37,1.57,1.67,0.0166,0.78,59.63,3.7,-1.98,4.95,4.19,0.45189999999999997,0.2623,1.14,22.3,0.24609999999999999,396469000.0,37909000000.0,0.63,0.17739999999999997,20.2,1013892.0599999999,11666.0,Magic Formula,30,1000000,2025-12-08,29.5,17.5,47.0
ASAI3,5.42,11.52,1.47,0.102,0.0,0.167,-2.99,1.42,-0.31,3.86,2.94,0.07150000000000001,0.0088,0.86,17.8,0.1273,200466000.0,4995000000.0,3.33,0.40130000000000005,25.9,1023323.1,188805.0,Magic Formula,30,1000000,2025-12-08,21.0,26.0,47.0
VLID3,25.0,5.79,1.21,0.923,0.0711,0.725,2.1,4.8,5.3,4.93,3.92,0.19219999999999998,0.1591,2.87,20.2,0.20920000000000002,14257100.0,1689020000.0,0.36,0.016399999999999998,20.3,1020775.0,40831.0,Magic Formula,30,1000000,2025-12-08,28.0,20.0,48.0
CURY3,17.3,7.84,4.66,1.364,0.0964,1.276,3.51,5.93,-52.85,5.56,5.37,0.2298,0.1822,2.21,36.2,0.5943999999999999,45770900.0,1084020000.0,1.02,0.3145,18.0,1025042.3,59251.0,Magic Formula,30,1000000,2025-12-08,44.5,4.0,48.5
QUAL3,1.5,-5.24,0.32,0.265,0.0,0.097,2.2,0.92,-0.31,3.2,1.64,0.2877,-0.0462,1.13,15.4,-0.0617,12605800.0,1316780000.0,1.47,-0.0602,31.2,1023231.0,682154.0,Magic Formula,30,1000000,2025-12-08,11.5,40.0,51.5
CEAB3,7.44,6.26,0.72,0.311,0.0463,0.261,2.6,2.75,-1.53,3.09,1.66,0.11289999999999999,0.0496,1.27,14.5,0.1151,73034100.0,3180770000.0,0.45,0.1536,32.4,1023267.8400000001,137536.0,Magic Formula,30,1000000,2025-12-08,10.0,45.0,55.0
VTRU3,6.07,11.76,0.34,0.384,0.0,0.136,3.0,1.09,-0.3,3.59,2.78,0.3517,0.0327,1.43,13.9,0.0292,1112320.0,2370060000.0,1.01,0.12539999999999998,27.9,1023056.01,168543.0,Magic Formula,30,1000000,2025-12-08,16.0,50.5,66.5
TGMA3,27.71,7.76,2.05,0.953,0.0978,1.42,4.11,6.34,6.14,6.0,5.51,0.1503,0.1232,2.8,29.8,0.2644,9416920.0,892007000.0,0.19,0.17010000000000003,16.7,1020836.4,36840.0,Magic Formula,30,1000000,2025-12-08,57.0,10.0,67.0
MILS3,8.41,6.79,1.35,1.304,0.07690000000000001,0.549,2.88,3.79,-2.34,5.68,3.95,0.34369999999999995,0.1924,2.15,19.0,0.19829999999999998,10255300.0,1463110000.0,1.13,0.29059999999999997,17.6,1022420.52,121572.0,Magic Formula,30,1000000,2025-12-08,47.0,23.0,70.0
CPFE3,31.0,6.51,1.75,0.867,0.0888,0.473,22.17,3.19,-0.96,5.4,4.6,0.2716,0.1338,1.11,16.5,0.2687,54556100.0,20423100000.0,1.4,0.0747,18.5,1027836.0,33156.0,Magic Formula,30,1000000,2025-12-08,41.0,32.5,73.5
PRIO3,40.62,7.43,2.0,2.581,0.0,0.841,2.64,5.09,-4.62,6.16,4.69,0.5075,0.34740000000000004,5.01,23.5,0.26940000000000003,343488000.0,18191400000.0,1.07,0.7231000000000001,16.2,1022567.8799999999,25174.0,Magic Formula,30,1000000,2025-12-08,60.0,15.0,75.0
ECOR3,4.07,3.22,0.81,0.291,0.0478,0.098,-2.51,0.8,-0.15,5.13,4.06,0.36210000000000003,0.0929,0.83,14.9,0.25129999999999997,32093700.0,3499960000.0,5.71,0.26539999999999997,19.5,1023332.31,251433.0,Magic Formula,30,1000000,2025-12-08,32.0,43.0,75.0
UGPA3,15.55,6.62,1.18,0.132,0.0418,0.441,2.95,3.42,-2.22,5.61,4.52,0.038599999999999995,0.021,1.57,16.5,0.1782,122502000.0,14703800000.0,1.04,0.1197,17.8,1021603.9,65698.0,Magic Formula,30,1000000,2025-12-08,46.0,32.5,78.5
SCAR3,16.99,3.93,0.59,0.874,0.2053,0.326,2.19,2.38,-1.4,5.15,4.61,0.3676,0.22089999999999999,3.47,14.3,0.1495,1061330.0,1670550000.0,0.76,0.3738,19.4,1022322.2799999999,60172.0,Magic Formula,30,1000000,2025-12-08,33.0,47.5,80.5
BEEF3,4.76,2181.62,3.88,0.098,0.0,0.08,0.25,1.34,-0.29,5.43,4.3,0.0733,0.0008,1.92,15.0,0.0018,56553800.0,744206000.0,34.52,0.1073,18.4,1022924.0,214900.0,Magic Formula,30,1000000,2025-12-08,42.5,41.5,84.0
ANIM3,1.53,-12.1,0.27,0.162,0.308,0.062,0.6,0.6,-0.13,4.44,2.98,0.2688,0.014199999999999999,1.76,12.4,-0.022400000000000003,24903900.0,2278190000.0,2.37,0.2927,22.5,1023498.09,668953.0,Magic Formula,30,1000000,2025-12-08,25.0,59.0,84.0
CSMG3,20.8,5.65,1.01,1.005,0.1333,0.515,7.16,3.53,-1.62,5.79,4.28,0.285,0.17800000000000002,1.73,16.1,0.17800000000000002,49266800.0,7866590000.0,0.78,0.10300000000000001,17.3,1021696.0,49120.0,Magic Formula,30,1000000,2025-12-08,50.0,35.0,85.0
CMIG4,10.84,3.88,1.11,0.804,0.0932,0.492,45.81,4.18,-1.66,5.2,4.39,0.19210000000000002,0.20739999999999997,1.04,13.9,0.2853,175879000.0,28060000000.0,0.5,0.1101,19.2,1024987.04,94556.0,Magic Formula,30,1000000,2025-12-08,35.0,50.5,85.5
FIQE3,3.36,6.99,1.04,1.227,0.0632,0.54,4.4,5.05,-3.36,5.29,2.69,0.24309999999999998,0.17559999999999998,1.62,14.3,0.149,1498530.0,1168030000.0,0.49,0.253,18.9,1023267.84,304544.0,Magic Formula,30,1000000,2025-12-08,38.0,47.5,85.5
PSSA3,34.77,8.44,1.68,0.632,0.0444,0.486,9.14,0.77,-3.85,0.37,0.37,0.8256,0.0759,1.1,84.4,0.1984,88975200.0,13418900000.0,0.0,0.1931,270.3,6137774.250000001,176525.0,ROIC,5,400000,2025-12-08,,,
PLPL3,9.0,5.41,2.18,0.718,0.056100000000000004,0.743,1.11,2.69,3.16,2.53,2.46,0.2671,0.1458,4.42,44.2,0.4032,14071200.0,841408000.0,0.7,0.28059999999999996,39.5,6139386.0,682154.0,ROIC,5,400000,2025-12-08,,,
ODPV3,10.32,10.58,4.46,2.586,0.1402,2.47,-30.31,9.48,-18.15,8.46,7.81,0.2727,0.2445,0.79,36.6,0.4217,9320340.0,1278650000.0,0.0,0.0599,11.8,6140049.12,594966.0,ROIC,5,400000,2025-12-08,,,
CURY3,17.3,7.84,4.66,1.364,0.0964,1.276,3.51,5.93,-52.85,5.56,5.37,0.2298,0.1822,2.21,36.2,0.5943999999999999,45770900.0,1084020000.0,1.02,0.3145,18.0,6139631.600000001,354892.0,ROIC,5,400000,2025-12-08,,,
LEVE3,26.18,6.07,3.2,0.834,0.0902,1.084,3.13,4.4,-65.38,5.05,4.49,0.1893,0.1374,2.16,33.9,0.5272,13225400.0,1109300000.0,0.92,0.1679,19.8,6140466.64,234548.0,ROIC,5,400000,2025-12-08,,,
PSSA3,34.77,8.44,1.68,0.632,0.0444,0.486,9.14,0.77,-3.85,0.37,0.37,0.8256,0.0759,1.1,84.4,0.1984,88975200.0,13418900000.0,0.0,0.1931,270.3,6137774.250000001,176525.0,ROIC,5,1000000,2025-12-08,,,
PLPL3,9.0,5.41,2.18,0.718,0.056100000000000004,0.743,1.11,2.69,3.16,2.53,2.46,0.2671,0.1458,4.42,44.2,0.4032,14071200.0,841408000.0,0.7,0.28059999999999996,39.5,6139386.0,682154.0,ROIC,5,1000000,2025-12-08,,,
ODPV3,10.32,10.58,4.46,2.586,0.1402,2.47,-30.31,9.48,-18.15,8.46,7.81,0.2727,0.2445,0.79,36.6,0.4217,9320340.0,1278650000.0,0.0,0.0599,11.8,6140049.12,594966.0,ROIC,5,1000000,2025-12-08,,,
CURY3,17.3,7.84,4.66,1.364,0.0964,1.276,3.51,5.93,-52.85,5.56,5.37,0.2298,0.1822,2.21,36.2,0.5943999999999999,45770900.0,1084020000.0,1.02,0.3145,18.0,6139631.600000001,354892.0,ROIC,5,1000000,2025-12-08,,,
LEVE3,26.18,6.07,3.2,0.834,0.0902,1.084,3.13,4.4,-65.38,5.05,4.49,0.1893,0.1374,2.16,33.9,0.5272,13225400.0,1109300000.0,0.92,0.1679,19.8,6140466.64,234548.0,ROIC,5,1000000,2025-12-08,,,
PSSA3,34.77,8.44,1.68,0.632,0.0444,0.486,9.14,0.77,-3.85,0.37,0.37,0.8256,0.0759,1.1,84.4,0.1984,88975200.0,13418900000.0,0.0,0.1931,270.3,3074224.3200000003,88416.0,ROIC,10,400000,2025-12-08,,,
PLPL3,9.0,5.41,2.18,0.718,0.056100000000000004,0.743,1.11,2.69,3.16,2.53,2.46,0.2671,0.1458,4.42,44.2,0.4032,14071200.0,841408000.0,0.7,0.28059999999999996,39.5,3069693.0,341077.0,ROIC,10,400000,2025-12-08,,,
ODPV3,10.32,10.58,4.46,2.586,0.1402,2.47,-30.31,9.48,-18.15,8.46,7.81,0.2727,0.2445,0.79,36.6,0.4217,9320340.0,1278650000.0,0.0,0.0599,11.8,3070024.56,297483.0,ROIC,10,400000,2025-12-08,,,
CURY3,17.3,7.84,4.66,1.364,0.0964,1.276,3.51,5.93,-52.85,5.56,5.37,0.2298,0.1822,2.21,36.2,0.5943999999999999,45770900.0,1084020000.0,1.02,0.3145,18.0,3069815.8000000003,177446.0,ROIC,10,400000,2025-12-08,,,
LEVE3,26.18,6.07,3.2,0.834,0.0902,1.084,3.13,4.4,-65.38,5.05,4.49,0.1893,0.1374,2.16,33.9,0.5272,13225400.0,1109300000.0,0.92,0.1679,19.8,3070233.32,117274.0,ROIC,10,400000,2025-12-08,,,
WIZC3,5.17,4.6,1.38,0.655,0.047599999999999996,0.331,-5.31,1.29,-1.16,1.43,1.19,0.5082,0.2455,0.77,31.4,0.2999,3481030.0,599193000.0,0.57,0.13019999999999998,69.9,3069625.46,593738.0,ROIC,10,400000,2025-12-08,,,
KEPL3,9.11,6.5,2.17,0.993,0.0926,1.056,2.85,5.41,5.81,4.95,4.39,0.1834,0.1527,2.14,30.9,0.33380000000000004,8903300.0,754480000.0,0.42,0.2677,20.2,3070853.46,337086.0,ROIC,10,400000,2025-12-08,,,
CMIN3,4.88,6.92,2.99,1.558,0.1503,0.777,3.68,4.86,-3.0,3.82,3.16,0.3204,0.2253,1.78,30.6,0.43270000000000003,48253200.0,8945330000.0,0.98,-0.026000000000000002,26.2,3069729.84,629043.0,ROIC,10,400000,2025-12-08,,,
CAMB3,10.49,5.95,1.57,0.975,0.0635,1.114,3.76,4.5,5.0,4.05,3.58,0.2167,0.16390000000000002,2.38,30.3,0.2633,560396.0,283139000.0,0.01,0.35509999999999997,24.7,3069069.79,292571.0,ROIC,10,400000,2025-12-08,,,
WEGE3,52.46,36.14,11.16,6.163,0.0144,6.063,21.13,27.11,27.85,26.73,24.51,0.2274,0.17739999999999997,1.78,30.0,0.3089,360650000.0,19724500000.0,0.15,0.2139,3.7,3076097.02,58637.0,ROIC,10,400000,2025-12-08,,,
PSSA3,34.77,8.44,1.68,0.632,0.0444,0.486,9.14,0.77,-3.85,0.37,0.37,0.8256,0.0759,1.1,84.4,0.1984,88975200.0,13418900000.0,0.0,0.1931,270.3,3074224.3200000003,88416.0,ROIC,10,1000000,2025-12-08,,,
PLPL3,9.0,5.41,2.18,0.718,0.056100000000000004,0.743,1.11,2.69,3.16,2.53,2.46,0.2671,0.1458,4.42,44.2,0.4032,14071200.0,841408000.0,0.7,0.28059999999999996,39.5,3069693.0,341077.0,ROIC,10,1000000,2025-12-08,,,
ODPV3,10.32,10.58,4.46,2.586,0.1402,2.47,-30.31,9.48,-18.15,8.46,7.81,0.2727,0.2445,0.79,36.6,0.4217,9320340.0,1278650000.0,0.0,0.0599,11.8,3070024.56,297483.0,ROIC,10,1000000,2025-12-08,,,
CURY3,17.3,7.84,4.66,1.364,0.0964,1.276,3.51,5.93,-52.85,5.56,5.37,0.2298,0.1822,2.21,36.2,0.5943999999999999,45770900.0,1084020000.0,1.02,0.3145,18.0,3069815.8000000003,177446.0,ROIC,10,1000000,2025-12-08,,,
LEVE3,26.18,6.07,3.2,0.834,0.0902,1.084,3.13,4.4,-65.38,5.05,4.49,0.1893,0.1374,2.16,33.9,0.5272,13225400.0,1109300000.0,0.92,0.1679,19.8,3070233.32,117274.0,ROIC,10,1000000,2025-12-08,,,
WIZC3,5.17,4.6,1.38,0.655,0.047599999999999996,0.331,-5.31,1.29,-1.16,1.43,1.19,0.5082,0.2455,0.77,31.4,0.2999,3481030.0,599193000.0,0.57,0.13019999999999998,69.9,3069625.46,593738.0,ROIC,10,1000000,2025-12-08,,,
KEPL3,9.11,6.5,2.17,0.993,0.0926,1.056,2.85,5.41,5.81,4.95,4.39,0.1834,0.1527,2.14,30.9,0.33380000000000004,8903300.0,754480000.0,0.42,0.2677,20.2,3070853.46,337086.0,ROIC,10,1000000,2025-12-08,,,
CMIN3,4.88,6.92,2.99,1.558,0.1503,0.777,3.68,4.86,-3.0,3.82,3.16,0.3204,0.2253,1.78,30.6,0.43270000000000003,48253200.0,8945330000.0,0.98,-0.026000000000000002,26.2,3069729.84,629043.0,ROIC,10,1000000,2025-12-08,,,
WEGE3,52.46,36.14,11.16,6.163,0.0144,6.063,21.13,27.11,27.85,26.73,24.51,0.2274,0.17739999999999997,1.78,30.0,0.3089,360650000.0,19724500000.0,0.15,0.2139,3.7,3076097.02,58637.0,ROIC,10,1000000,2025-12-08,,,
TGMA3,27.71,7.76,2.05,0.953,0.0978,1.42,4.11,6.34,6.14,6.0,5.51,0.1503,0.1232,2.8,29.8,0.2644,9416920.0,892007000.0,0.19,0.17010000000000003,16.7,3071016.17,110827.0,ROIC,10,1000000,2025-12-08,,,
PSSA3,34.77,8.44,1.68,0.632,0.0444,0.486,9.14,0.77,-3.85,0.37,0.37,0.8256,0.0759,1.1,84.4,0.1984,88975200.0,13418900000.0,0.0,0.1931,270.3,1537112.1600000001,44208.0,ROIC,20,400000,2025-12-08,,,
PLPL3,9.0,5.41,2.18,0.718,0.056100000000000004,0.743,1.11,2.69,3.16,2.53,2.46,0.2671,0.1458,4.42,44.2,0.4032,14071200.0,841408000.0,0.7,0.28059999999999996,39.5,1536228.0,170692.0,ROIC,20,400000,2025-12-08,,,
ODPV3,10.32,10.58,4.46,2.586,0.1402,2.47,-30.31,9.48,-18.15,8.46,7.81,0.2727,0.2445,0.79,36.6,0.4217,9320340.0,1278650000.0,0.0,0.0599,11.8,1533428.1600000001,148588.0,ROIC,20,400000,2025-12-08,,,
CURY3,17.3,7.84,4.66,1.364,0.0964,1.276,3.51,5.93,-52.85,5.56,5.37,0.2298,0.1822,2.21,36.2,0.5943999999999999,45770900.0,1084020000.0,1.02,0.3145,18.0,1534907.9000000001,88723.0,ROIC,20,400000,2025-12-08,,,
LEVE3,26.18,6.07,3.2,0.834,0.0902,1.084,3.13,4.4,-65.38,5.05,4.49,0.1893,0.1374,2.16,33.9,0.5272,13225400.0,1109300000.0,0.92,0.1679,19.8,1535116.66,58637.0,ROIC,20,400000,2025-12-08,,,
WIZC3,5.17,4.6,1.38,0.655,0.047599999999999996,0.331,-5.31,1.29,-1.16,1.43,1.19,0.5082,0.2455,0.77,31.4,0.2999,3481030.0,599193000.0,0.57,0.13019999999999998,69.9,1534812.73,296869.0,ROIC,20,400000,2025-12-08,,,
KEPL3,9.11,6.5,2.17,0.993,0.0926,1.056,2.85,5.41,5.81,4.95,4.39,0.1834,0.1527,2.14,30.9,0.33380000000000004,8903300.0,754480000.0,0.42,0.2677,20.2,1535426.73,168543.0,ROIC,20,400000,2025-12-08,,,
CMIN3,4.88,6.92,2.99,1.558,0.1503,0.777,3.68,4.86,-3.0,3.82,3.16,0.3204,0.2253,1.78,30.6,0.43270000000000003,48253200.0,8945330000.0,0.98,-0.026000000000000002,26.2,1535614.0,314675.0,ROIC,20,400000,2025-12-08,,,
CAMB3,10.49,5.95,1.57,0.975,0.0635,1.114,3.76,4.5,5.0,4.05,3.58,0.2167,0.16390000000000002,2.38,30.3,0.2633,560396.0,283139000.0,0.01,0.35509999999999997,24.7,1536145.11,146439.0,ROIC,20,400000,2025-12-08,,,
WEGE3,52.46,36.14,11.16,6.163,0.0144,6.063,21.13,27.11,27.85,26.73,24.51,0.2274,0.17739999999999997,1.78,30.0,0.3089,360650000.0,19724500000.0,0.15,0.2139,3.7,1529995.9000000001,29165.0,ROIC,20,400000,2025-12-08,,,
TGMA3,27.71,7.76,2.05,0.953,0.0978,1.42,4.11,6.34,6.14,6.0,5.51,0.1503,0.1232,2.8,29.8,0.2644,9416920.0,892007000.0,0.19,0.17010000000000003,16.7,1531254.6,55260.0,ROIC,20,400000,2025-12-08,,,
BRBI11,12.68,6.84,1.57,3.757,0.15380000000000002,0.103,1.76,49.59,1.76,2.72,2.11,0.0758,0.5493,1.06,27.9,0.2299,7258380.0,846571000.0,13.68,-0.5069,36.8,1533747.44,120958.0,ROIC,20,400000,2025-12-08,,,
TOTS3,26.14,24.1,3.26,3.094,0.0177,1.784,8.68,8.85,-25.53,8.55,7.25,0.3496,0.13269999999999998,2.44,27.4,0.1354,128736000.0,4802610000.0,0.34,0.19210000000000002,11.7,1532771.18,58637.0,ROIC,20,400000,2025-12-08,,,
STBP3,13.18,14.97,4.95,4.098,0.1975,1.637,5.64,9.63,-6.41,9.74,8.12,0.4254,0.2737,3.36,27.0,0.33049999999999996,67017300.0,2301870000.0,1.11,0.2991,10.3,1533532.54,116353.0,ROIC,20,400000,2025-12-08,,,
TFCO4,8.7,12.12,3.01,1.747,0.0259,1.871,3.97,8.95,5.76,9.42,8.58,0.19519999999999998,0.1441,3.03,25.0,0.248,6579840.0,453573000.0,0.26,0.2416,10.6,1535767.4999999998,176525.0,ROIC,20,400000,2025-12-08,,,
PRIO3,40.62,7.43,2.0,2.581,0.0,0.841,2.64,5.09,-4.62,6.16,4.69,0.5075,0.34740000000000004,5.01,23.5,0.26940000000000003,343488000.0,18191400000.0,1.07,0.7231000000000001,16.2,1533851.8199999998,37761.0,ROIC,20,400000,2025-12-08,,,
PETR4,36.38,5.6,1.21,0.942,0.2164,0.44,-41.05,2.11,-0.92,3.2,2.44,0.4464,0.16899999999999998,0.94,23.2,0.2151,1305330000.0,393655000000.0,0.82,0.16879999999999998,31.2,1530106.4200000002,42059.0,ROIC,20,400000,2025-12-08,,,
SBSP3,86.91,6.37,1.57,1.67,0.0166,0.78,59.63,3.7,-1.98,4.95,4.19,0.45189999999999997,0.2623,1.14,22.3,0.24609999999999999,396469000.0,37909000000.0,0.63,0.17739999999999997,20.2,1547519.46,17806.0,ROIC,20,400000,2025-12-08,,,
VULC3,15.0,7.55,2.01,1.404,0.19949999999999998,1.354,2.84,7.6,3.33,7.41,6.23,0.18469999999999998,0.1859,2.87,22.3,0.2661,13772200.0,2049380000.0,0.17,0.2784,13.5,1533465.0,102231.0,ROIC,20,400000,2025-12-08,,,
CSUD3,15.08,6.79,1.37,1.131,0.07200000000000001,0.936,18.32,5.14,-23.91,5.13,3.4,0.2198,0.1666,1.23,22.2,0.20129999999999998,934452.0,461386000.0,0.17,0.048600000000000004,19.5,1537013.92,101924.0,ROIC,20,400000,2025-12-08,,,
PSSA3,34.77,8.44,1.68,0.632,0.0444,0.486,9.14,0.77,-3.85,0.37,0.37,0.8256,0.0759,1.1,84.4,0.1984,88975200.0,13418900000.0,0.0,0.1931,270.3,1537112.1600000001,44208.0,ROIC,20,1000000,2025-12-08,,,
PLPL3,9.0,5.41,2.18,0.718,0.056100000000000004,0.743,1.11,2.69,3.16,2.53,2.46,0.2671,0.1458,4.42,44.2,0.4032,14071200.0,841408000.0,0.7,0.28059999999999996,39.5,1536228.0,170692.0,ROIC,20,1000000,2025-12-08,,,
ODPV3,10.32,10.58,4.46,2.586,0.1402,2.47,-30.31,9.48,-18.15,8.46,7.81,0.2727,0.2445,0.79,36.6,0.4217,9320340.0,1278650000.0,0.0,0.0599,11.8,1533428.1600000001,148588.0,ROIC,20,1000000,2025-12-08,,,
CURY3,17.3,7.84,4.66,1.364,0.0964,1.276,3.51,5.93,-52.85,5.56,5.37,0.2298,0.1822,2.21,36.2,0.5943999999999999,45770900.0,1084020000.0,1.02,0.3145,18.0,1534907.9000000001,88723.0,ROIC,20,1000000,2025-12-08,,,
LEVE3,26.18,6.07,3.2,0.834,0.0902,1.084,3.13,4.4,-65.38,5.05,4.49,0.1893,0.1374,2.16,33.9,0.5272,13225400.0,1109300000.0,0.92,0.1679,19.8,1535116.66,58637.0,ROIC,20,1000000,2025-12-08,,,
WIZC3,5.17,4.6,1.38,0.655,0.047599999999999996,0.331,-5.31,1.29,-1.16,1.43,1.19,0.5082,0.2455,0.77,31.4,0.2999,3481030.0,599193000.0,0.57,0.13019999999999998,69.9,1534812.73,296869.0,ROIC,20,1000000,2025-12-08,,,
KEPL3,9.11,6.5,2.17,0.993,0.0926,1.056,2.85,5.41,5.81,4.95,4.39,0.1834,0.1527,2.14,30.9,0.33380000000000004,8903300.0,754480000.0,0.42,0.2677,20.2,1535426.73,168543.0,ROIC,20,1000000,2025-12-08,,,
CMIN3,4.88,6.92,2.99,1.558,0.1503,0.777,3.68,4.86,-3.0,3.82,3.16,0.3204,0.2253,1.78,30.6,0.43270000000000003,48253200.0,8945330000.0,0.98,-0.026000000000000002,26.2,1535614.0,314675.0,ROIC,20,1000000,2025-12-08,,,
WEGE3,52.46,36.14,11.16,6.163,0.0144,6.063,21.13,27.11,27.85,26.73,24.51,0.2274,0.17739999999999997,1.78,30.0,0.3089,360650000.0,19724500000.0,0.15,0.2139,3.7,1529995.9000000001,29165.0,ROIC,20,1000000,2025-12-08,,,
TGMA3,27.71,7.76,2.05,0.953,0.0978,1.42,4.11,6.34,6.14,6.0,5.51,0.1503,0.1232,2.8,29.8,0.2644,9416920.0,892007000.0,0.19,0.17010000000000003,16.7,1531254.6,55260.0,ROIC,20,1000000,2025-12-08,,,
BRBI11,12.68,6.84,1.57,3.757,0.15380000000000002,0.103,1.76,49.59,1.76,2.72,2.11,0.0758,0.5493,1.06,27.9,0.2299,7258380.0,846571000.0,13.68,-0.5069,36.8,1533747.44,120958.0,ROIC,20,1000000,2025-12-08,,,
TOTS3,26.14,24.1,3.26,3.094,0.0177,1.784,8.68,8.85,-25.53,8.55,7.25,0.3496,0.13269999999999998,2.44,27.4,0.1354,128736000.0,4802610000.0,0.34,0.19210000000000002,11.7,1532771.18,58637.0,ROIC,20,1000000,2025-12-08,,,
STBP3,13.18,14.97,4.95,4.098,0.1975,1.637,5.64,9.63,-6.41,9.74,8.12,0.4254,0.2737,3.36,27.0,0.33049999999999996,67017300.0,2301870000.0,1.11,0.2991,10.3,1533532.54,116353.0,ROIC,20,1000000,2025-12-08,,,
TFCO4,8.7,12.12,3.01,1.747,0.0259,1.871,3.97,8.95,5.76,9.42,8.58,0.19519999999999998,0.1441,3.03,25.0,0.248,6579840.0,453573000.0,0.26,0.2416,10.6,1535767.4999999998,176525.0,ROIC,20,1000000,2025-12-08,,,
PRIO3,40.62,7.43,2.0,2.581,0.0,0.841,2.64,5.09,-4.62,6.16,4.69,0.5075,0.34740000000000004,5.01,23.5,0.26940000000000003,343488000.0,18191400000.0,1.07,0.7231000000000001,16.2,1533851.8199999998,37761.0,ROIC,20,1000000,2025-12-08,,,
PETR4,36.38,5.6,1.21,0.942,0.2164,0.44,-41.05,2.11,-0.92,3.2,2.44,0.4464,0.16899999999999998,0.94,23.2,0.2151,1305330000.0,393655000000.0,0.82,0.16879999999999998,31.2,1530106.4200000002,42059.0,ROIC,20,1000000,2025-12-08,,,
SBSP3,86.91,6.37,1.57,1.67,0.0166,0.78,59.63,3.7,-1.98,4.95,4.19,0.45189999999999997,0.2623,1.14,22.3,0.24609999999999999,396469000.0,37909000000.0,0.63,0.17739999999999997,20.2,1547519.46,17806.0,ROIC,20,1000000,2025-12-08,,,
VULC3,15.0,7.55,2.01,1.404,0.19949999999999998,1.354,2.84,7.6,3.33,7.41,6.23,0.18469999999999998,0.1859,2.87,22.3,0.2661,13772200.0,2049380000.0,0.17,0.2784,13.5,1533465.0,102231.0,ROIC,20,1000000,2025-12-08,,,
TTEN3,13.09,8.2,1.66,0.543,0.009000000000000001,0.764,2.63,6.36,5.17,6.67,6.16,0.0855,0.0663,1.73,21.9,0.203,19562600.0,3920100000.0,0.5,0.3732,15.0,1535116.66,117274.0,ROIC,20,1000000,2025-12-08,,,
VLID3,25.0,5.79,1.21,0.923,0.0711,0.725,2.1,4.8,5.3,4.93,3.92,0.19219999999999998,0.1591,2.87,20.2,0.20920000000000002,14257100.0,1689020000.0,0.36,0.016399999999999998,20.3,1535000.0,61400.0,ROIC,20,1000000,2025-12-08,,,
PSSA3,34.77,8.44,1.68,0.632,0.0444,0.486,9.14,0.77,-3.85,0.37,0.37,0.8256,0.0759,1.1,84.4,0.1984,88975200.0,13418900000.0,0.0,0.1931,270.3,1024741.4400000001,29472.0,ROIC,30,400000,2025-12-08,,,
PLPL3,9.0,5.41,2.18,0.718,0.056100000000000004,0.743,1.11,2.69,3.16,2.53,2.46,0.2671,0.1458,4.42,44.2,0.4032,14071200.0,841408000.0,0.7,0.28059999999999996,39.5,1022310.0,113590.0,ROIC,30,400000,2025-12-08,,,
ODPV3,10.32,10.58,4.46,2.586,0.1402,2.47,-30.31,9.48,-18.15,8.46,7.81,0.2727,0.2445,0.79,36.6,0.4217,9320340.0,1278650000.0,0.0,0.0599,11.8,1023341.52,99161.0,ROIC,30,400000,2025-12-08,,,
CURY3,17.3,7.84,4.66,1.364,0.0964,1.276,3.51,5.93,-52.85,5.56,5.37,0.2298,0.1822,2.21,36.2,0.5943999999999999,45770900.0,1084020000.0,1.02,0.3145,18.0,1025042.3,59251.0,ROIC,30,400000,2025-12-08,,,
LEVE3,26.18,6.07,3.2,0.834,0.0902,1.084,3.13,4.4,-65.38,5.05,4.49,0.1893,0.1374,2.16,33.9,0.5272,13225400.0,1109300000.0,0.92,0.1679,19.8,1020732.02,38989.0,ROIC,30,400000,2025-12-08,,,
WIZC3,5.17,4.6,1.38,0.655,0.047599999999999996,0.331,-5.31,1.29,-1.16,1.43,1.19,0.5082,0.2455,0.77,31.4,0.2999,3481030.0,599193000.0,0.57,0.13019999999999998,69.9,1023737.5499999999,198015.0,ROIC,30,400000,2025-12-08,,,
KEPL3,9.11,6.5,2.17,0.993,0.0926,1.056,2.85,5.41,5.81,4.95,4.39,0.1834,0.1527,2.14,30.9,0.33380000000000004,8903300.0,754480000.0,0.42,0.2677,20.2,1023617.82,112362.0,ROIC,30,400000,2025-12-08,,,
CMIN3,4.88,6.92,2.99,1.558,0.1503,0.777,3.68,4.86,-3.0,3.82,3.16,0.3204,0.2253,1.78,30.6,0.43270000000000003,48253200.0,8945330000.0,0.98,-0.026000000000000002,26.2,1023243.28,209681.0,ROIC,30,400000,2025-12-08,,,
CAMB3,10.49,5.95,1.57,0.975,0.0635,1.114,3.76,4.5,5.0,4.05,3.58,0.2167,0.16390000000000002,2.38,30.3,0.2633,560396.0,283139000.0,0.01,0.35509999999999997,24.7,1024096.74,97626.0,ROIC,30,400000,2025-12-08,,,
WEGE3,52.46,36.14,11.16,6.163,0.0144,6.063,21.13,27.11,27.85,26.73,24.51,0.2274,0.17739999999999997,1.78,30.0,0.3089,360650000.0,19724500000.0,0.15,0.2139,3.7,1030734.0800000001,19648.0,ROIC,30,400000,2025-12-08,,,
TGMA3,27.71,7.76,2.05,0.953,0.0978,1.42,4.11,6.34,6.14,6.0,5.51,0.1503,0.1232,2.8,29.8,0.2644,9416920.0,892007000.0,0.19,0.17010000000000003,16.7,1020836.4,36840.0,ROIC,30,400000,2025-12-08,,,
BRBI11,12.68,6.84,1.57,3.757,0.15380000000000002,0.103,1.76,49.59,1.76,2.72,2.11,0.0758,0.5493,1.06,27.9,0.2299,7258380.0,846571000.0,13.68,-0.5069,36.8,1023795.88,80741.0,ROIC,30,400000,2025-12-08,,,
TOTS3,26.14,24.1,3.26,3.094,0.0177,1.784,8.68,8.85,-25.53,8.55,7.25,0.3496,0.13269999999999998,2.44,27.4,0.1354,128736000.0,4802610000.0,0.34,0.19210000000000002,11.7,1027197.4400000001,39296.0,ROIC,30,400000,2025-12-08,,,
STBP3,13.18,14.97,4.95,4.098,0.1975,1.637,5.64,9.63,-6.41,9.74,8.12,0.4254,0.2737,3.36,27.0,0.33049999999999996,67017300.0,2301870000.0,1.11,0.2991,10.3,1023703.78,77671.0,ROIC,30,400000,2025-12-08,,,
TFCO4,8.7,12.12,3.01,1.747,0.0259,1.871,3.97,8.95,5.76,9.42,8.58,0.19519999999999998,0.1441,3.03,25.0,0.248,6579840.0,453573000.0,0.26,0.2416,10.6,1022954.7,117581.0,ROIC,30,400000,2025-12-08,,,
PRIO3,40.62,7.43,2.0,2.581,0.0,0.841,2.64,5.09,-4.62,6.16,4.69,0.5075,0.34740000000000004,5.01,23.5,0.26940000000000003,343488000.0,18191400000.0,1.07,0.7231000000000001,16.2,1022567.8799999999,25174.0,ROIC,30,400000,2025-12-08,,,
PETR4,36.38,5.6,1.21,0.942,0.2164,0.44,-41.05,2.11,-0.92,3.2,2.44,0.4464,0.16899999999999998,0.94,23.2,0.2151,1305330000.0,393655000000.0,0.82,0.16879999999999998,31.2,1027516.7200000001,28244.0,ROIC,30,400000,2025-12-08,,,
SBSP3,86.91,6.37,1.57,1.67,0.0166,0.78,59.63,3.7,-1.98,4.95,4.19,0.45189999999999997,0.2623,1.14,22.3,0.24609999999999999,396469000.0,37909000000.0,0.63,0.17739999999999997,20.2,1013892.0599999999,11666.0,ROIC,30,400000,2025-12-08,,,
VULC3,15.0,7.55,2.01,1.404,0.19949999999999998,1.354,2.84,7.6,3.33,7.41,6.23,0.18469999999999998,0.1859,2.87,22.3,0.2661,13772200.0,2049380000.0,0.17,0.2784,13.5,1022310.0,68154.0,ROIC,30,400000,2025-12-08,,,
CSUD3,15.08,6.79,1.37,1.131,0.07200000000000001,0.936,18.32,5.14,-23.91,5.13,3.4,0.2198,0.1666,1.23,22.2,0.20129999999999998,934452.0,461386000.0,0.17,0.048600000000000004,19.5,1023132.76,67847.0,ROIC,30,400000,2025-12-08,,,
TTEN3,13.09,8.2,1.66,0.543,0.009000000000000001,0.764,2.63,6.36,5.17,6.67,6.16,0.0855,0.0663,1.73,21.9,0.203,19562600.0,3920100000.0,0.5,0.3732,15.0,1024750.65,78285.0,ROIC,30,400000,2025-12-08,,,
VLID3,25.0,5.79,1.21,0.923,0.0711,0.725,2.1,4.8,5.3,4.93,3.92,0.19219999999999998,0.1591,2.87,20.2,0.20920000000000002,14257100.0,1689020000.0,0.36,0.016399999999999998,20.3,1020775.0,40831.0,ROIC,30,400000,2025-12-08,,,
POMO4,7.35,7.21,2.16,1.047,0.0751,0.931,3.52,6.59,23.69,7.47,6.59,0.1588,0.1474,1.78,19.9,0.2991,105657000.0,3874740000.0,0.74,0.2377,13.4,1024428.2999999999,139378.0,ROIC,30,400000,2025-12-08,,,
LREN3,12.15,10.41,1.24,0.914,0.0483,0.671,2.93,4.4,5.26,3.93,2.77,0.20739999999999997,0.0877,1.64,19.3,0.1189,261714000.0,10394700000.0,0.11,0.1664,25.4,1022033.7000000001,84118.0,ROIC,30,400000,2025-12-08,,,
MILS3,8.41,6.79,1.35,1.304,0.07690000000000001,0.549,2.88,3.79,-2.34,5.68,3.95,0.34369999999999995,0.1924,2.15,19.0,0.19829999999999998,10255300.0,1463110000.0,1.13,0.29059999999999997,17.6,1022420.52,121572.0,ROIC,30,400000,2025-12-08,,,
B3SA3,10.1,12.71,2.86,5.271,0.0371,1.19,7.19,9.46,-5.23,9.11,8.07,0.5574,0.41490000000000005,1.86,18.8,0.2253,647919000.0,19145200000.0,0.67,0.0451,11.0,1023231.0,101310.0,ROIC,30,400000,2025-12-08,,,
VALE3,53.24,5.01,1.16,1.145,0.1005,0.499,-32.3,3.04,-1.25,3.69,3.07,0.37689999999999996,0.22870000000000001,0.91,18.5,0.2314,1310660000.0,208555000000.0,0.37,0.0044,27.1,1029714.8400000001,19341.0,ROIC,30,400000,2025-12-08,,,
ASAI3,5.42,11.52,1.47,0.102,0.0,0.167,-2.99,1.42,-0.31,3.86,2.94,0.07150000000000001,0.0088,0.86,17.8,0.1273,200466000.0,4995000000.0,3.33,0.40130000000000005,25.9,1023323.1,188805.0,ROIC,30,400000,2025-12-08,,,
INTB3,12.28,6.86,1.41,0.869,0.0397,0.677,1.74,7.49,2.81,7.2,6.14,0.11599999999999999,0.1264,2.05,17.0,0.20620000000000002,21863300.0,2844150000.0,0.34,0.1634,13.9,1021659.1599999999,83197.0,ROIC,30,400000,2025-12-08,,,
AZUL4,3.75,-0.27,-0.05,0.069,0.0,0.056,-0.1,0.42,-0.03,9.75,5.49,0.16579999999999998,-0.2516,0.27,16.9,0.1825,98133800.0,-26036000000.0,-1.17,0.314,10.3,1023461.25,272923.0,ROIC,30,400000,2025-12-08,,,
PSSA3,34.77,8.44,1.68,0.632,0.0444,0.486,9.14,0.77,-3.85,0.37,0.37,0.8256,0.0759,1.1,84.4,0.1984,88975200.0,13418900000.0,0.0,0.1931,270.3,1024741.4400000001,29472.0,ROIC,30,1000000,2025-12-08,,,
PLPL3,9.0,5.41,2.18,0.718,0.056100000000000004,0.743,1.11,2.69,3.16,2.53,2.46,0.2671,0.1458,4.42,44.2,0.4032,14071200.0,841408000.0,0.7,0.28059999999999996,39.5,1022310.0,113590.0,ROIC,30,1000000,2025-12-08,,,
ODPV3,10.32,10.58,4.46,2.586,0.1402,2.47,-30.31,9.48,-18.15,8.46,7.81,0.2727,0.2445,0.79,36.6,0.4217,9320340.0,1278650000.0,0.0,0.0599,11.8,1023341.52,99161.0,ROIC,30,1000000,2025-12-08,,,
CURY3,17.3,7.84,4.66,1.364,0.0964,1.276,3.51,5.93,-52.85,5.56,5.37,0.2298,0.1822,2.21,36.2,0.5943999999999999,45770900.0,1084020000.0,1.02,0.3145,18.0,1025042.3,59251.0,ROIC,30,1000000,2025-12-08,,,
LEVE3,26.18,6.07,3.2,0.834,0.0902,1.084,3.13,4.4,-65.38,5.05,4.49,0.1893,0.1374,2.16,33.9,0.5272,13225400.0,1109300000.0,0.92,0.1679,19.8,1020732.02,38989.0,ROIC,30,1000000,2025-12-08,,,
WIZC3,5.17,4.6,1.38,0.655,0.047599999999999996,0.331,-5.31,1.29,-1.16,1.43,1.19,0.5082,0.2455,0.77,31.4,0.2999,3481030.0,599193000.0,0.57,0.13019999999999998,69.9,1023737.5499999999,198015.0,ROIC,30,1000000,2025-12-08,,,
KEPL3,9.11,6.5,2.17,0.993,0.0926,1.056,2.85,5.41,5.81,4.95,4.39,0.1834,0.1527,2.14,30.9,0.33380000000000004,8903300.0,754480000.0,0.42,0.2677,20.2,1023617.82,112362.0,ROIC,30,1000000,2025-12-08,,,
CMIN3,4.88,6.92,2.99,1.558,0.1503,0.777,3.68,4.86,-3.0,3.82,3.16,0.3204,0.2253,1.78,30.6,0.43270000000000003,48253200.0,8945330000.0,0.98,-0.026000000000000002,26.2,1023243.28,209681.0,ROIC,30,1000000,2025-12-08,,,
WEGE3,52.46,36.14,11.16,6.163,0.0144,6.063,21.13,27.11,27.85,26.73,24.51,0.2274,0.17739999999999997,1.78,30.0,0.3089,360650000.0,19724500000.0,0.15,0.2139,3.7,1030734.0800000001,19648.0,ROIC,30,1000000,2025-12-08,,,
TGMA3,27.71,7.76,2.05,0.953,0.0978,1.42,4.11,6.34,6.14,6.0,5.51,0.1503,0.1232,2.8,29.8,0.2644,9416920.0,892007000.0,0.19,0.17010000000000003,16.7,1020836.4,36840.0,ROIC,30,1000000,2025-12-08,,,
BRBI11,12.68,6.84,1.57,3.757,0.15380000000000002,0.103,1.76,49.59,1.76,2.72,2.11,0.0758,0.5493,1.06,27.9,0.2299,7258380.0,846571000.0,13.68,-0.5069,36.8,1023795.88,80741.0,ROIC,30,1000000,2025-12-08,,,
TOTS3,26.14,24.1,3.26,3.094,0.0177,1.784,8.68,8.85,-25.53,8.55,7.25,0.3496,0.13269999999999998,2.44,27.4,0.1354,128736000.0,4802610000.0,0.34,0.19210000000000002,11.7,1027197.4400000001,39296.0,ROIC,30,1000000,2025-12-08,,,
STBP3,13.18,14.97,4.95,4.098,0.1975,1.637,5.64,9.63,-6.41,9.74,8.12,0.4254,0.2737,3.36,27.0,0.33049999999999996,67017300.0,2301870000.0,1.11,0.2991,10.3,1023703.78,77671.0,ROIC,30,1000000,2025-12-08,,,
TFCO4,8.7,12.12,3.01,1.747,0.0259,1.871,3.97,8.95,5.76,9.42,8.58,0.19519999999999998,0.1441,3.03,25.0,0.248,6579840.0,453573000.0,0.26,0.2416,10.6,1022954.7,117581.0,ROIC,30,1000000,2025-12-08,,,
PRIO3,40.62,7.43,2.0,2.581,0.0,0.841,2.64,5.09,-4.62,6.16,4.69,0.5075,0.34740000000000004,5.01,23.5,0.26940000000000003,343488000.0,18191400000.0,1.07,0.7231000000000001,16.2,1022567.8799999999,25174.0,ROIC,30,1000000,2025-12-08,,,
PETR4,36.38,5.6,1.21,0.942,0.2164,0.44,-41.05,2.11,-0.92,3.2,2.44,0.4464,0.16899999999999998,0.94,23.2,0.2151,1305330000.0,393655000000.0,0.82,0.16879999999999998,31.2,1027516.7200000001,28244.0,ROIC,30,1000000,2025-12-08,,,
SBSP3,86.91,6.37,1.57,1.67,0.0166,0.78,59.63,3.7,-1.98,4.95,4.19,0.45189999999999997,0.2623,1.14,22.3,0.24609999999999999,396469000.0,37909000000.0,0.63,0.17739999999999997,20.2,1013892.0599999999,11666.0,ROIC,30,1000000,2025-12-08,,,
VULC3,15.0,7.55,2.01,1.404,0.19949999999999998,1.354,2.84,7.6,3.33,7.41,6.23,0.18469999999999998,0.1859,2.87,22.3,0.2661,13772200.0,2049380000.0,0.17,0.2784,13.5,1022310.0,68154.0,ROIC,30,1000000,2025-12-08,,,
TTEN3,13.09,8.2,1.66,0.543,0.009000000000000001,0.764,2.63,6.36,5.17,6.67,6.16,0.0855,0.0663,1.73,21.9,0.203,19562600.0,3920100000.0,0.5,0.3732,15.0,1024750.65,78285.0,ROIC,30,1000000,2025-12-08,,,
VLID3,25.0,5.79,1.21,0.923,0.0711,0.725,2.1,4.8,5.3,4.93,3.92,0.19219999999999998,0.1591,2.87,20.2,0.20920000000000002,14257100.0,1689020000.0,0.36,0.016399999999999998,20.3,1020775.0,40831.0,ROIC,30,1000000,2025-12-08,,,
POMO4,7.35,7.21,2.16,1.047,0.0751,0.931,3.52,6.59,23.69,7.47,6.59,0.1588,0.1474,1.78,19.9,0.2991,105657000.0,3874740000.0,0.74,0.2377,13.4,1024428.2999999999,139378.0,ROIC,30,1000000,2025-12-08,,,
LREN3,12.15,10.41,1.24,0.914,0.0483,0.671,2.93,4.4,5.26,3.93,2.77,0.20739999999999997,0.0877,1.64,19.3,0.1189,261714000.0,10394700000.0,0.11,0.1664,25.4,1022033.7000000001,84118.0,ROIC,30,1000000,2025-12-08,,,
MILS3,8.41,6.79,1.35,1.304,0.07690000000000001,0.549,2.88,3.79,-2.34,5.68,3.95,0.34369999999999995,0.1924,2.15,19.0,0.19829999999999998,10255300.0,1463110000.0,1.13,0.29059999999999997,17.6,1022420.52,121572.0,ROIC,30,1000000,2025-12-08,,,
B3SA3,10.1,12.71,2.86,5.271,0.0371,1.19,7.19,9.46,-5.23,9.11,8.07,0.5574,0.41490000000000005,1.86,18.8,0.2253,647919000.0,19145200000.0,0.67,0.0451,11.0,1023231.0,101310.0,ROIC,30,1000000,2025-12-08,,,
VALE3,53.24,5.01,1.16,1.145,0.1005,0.499,-32.3,3.04,-1.25,3.69,3.07,0.37689999999999996,0.22870000000000001,0.91,18.5,0.2314,1310660000.0,208555000000.0,0.37,0.0044,27.1,1029714.8400000001,19341.0,ROIC,30,1000000,2025-12-08,,,
ASAI3,5.42,11.52,1.47,0.102,0.0,0.167,-2.99,1.42,-0.31,3.86,2.94,0.07150000000000001,0.0088,0.86,17.8,0.1273,200466000.0,4995000000.0,3.33,0.40130000000000005,25.9,1023323.1,188805.0,ROIC,30,1000000,2025-12-08,,,
INTB3,12.28,6.86,1.41,0.869,0.0397,0.677,1.74,7.49,2.81,7.2,6.14,0.11599999999999999,0.1264,2.05,17.0,0.20620000000000002,21863300.0,2844150000.0,0.34,0.1634,13.9,1021659.1599999999,83197.0,ROIC,30,1000000,2025-12-08,,,
AZUL4,3.75,-0.27,-0.05,0.069,0.0,0.056,-0.1,0.42,-0.03,9.75,5.49,0.16579999999999998,-0.2516,0.27,16.9,0.1825,98133800.0,-26036000000.0,-1.17,0.314,10.3,1023461.25,272923.0,ROIC,30,1000000,2025-12-08,,,
ELMD3,28.73,33.78,4.36,3.55,0.003,1.648,13.03,13.18,-6.7,14.6,10.35,0.26940000000000003,0.1318,1.75,16.7,0.1292,14929400.0,921664000.0,0.95,0.4573,6.8,1023132.76,35612.0,ROIC,30,1000000,2025-12-08,,,
SYNE3,5.55,1.72,0.54,0.607,1.1804000000000001,0.223,0.79,1.63,-6.14,1.95,1.68,0.3724,0.44920000000000004,11.34,16.7,0.3125,8030100.0,1573570000.0,0.54,0.21710000000000002,51.3,1024013.85,184507.0,ROIC,30,1000000,2025-12-08,,,
